INSERT INTO record_categories (id,name,description) VALUES
('4b1e0ad3-0d8a-4f8a-b93e-cb2e2aee5b0b','Groceries','Expenses for food, beverages, and household supplies purchased from supermarkets or grocery stores.'),
('99a013c5-3346-44e7-9cb9-4b3e5e00271b','Rent','Monthly payments for apartment, house, or office space rentals.'),
('a417a045-686e-4ab6-bbf1-1e5b33d2be93','Utilities','Bills for electricity, water, gas, heating, and garbage collection.'),
('3d405321-87be-4e89-b57e-fbfa9579f15d','Transportation','Expenses related to public transit, fuel, taxi, ride-sharing, and vehicle maintenance.'),
('db73bb60-f9d8-40c3-84a5-4f1bdb62bc27','Healthcare','Medical and dental expenses, including insurance, medication, and doctor visits.'),
('e39cf8e8-b99b-4650-928d-cf89f74e4203','Dining Out','Money spent at restaurants, cafes, bars, and fast-food outlets.'),
('4d414573-3b45-4b22-bb4c-01d348378b5d','Education','Costs for tuition, courses, books, and other educational materials or fees.'),
('80f246c4-8be8-40ea-aad7-0f155c815a64','Insurance','Premiums for health, car, home, and other insurance policies.'),
('ac6a9441-2d67-4416-90aa-3b9ee6e5e144','Entertainment','Spending on movies, music, streaming, sports, and other recreational activities.'),
('ff41c66e-5ff4-4c0d-b3a7-334b8c4271d5','Clothing','Purchases of clothes, shoes, and accessories.'),
('260b5fc8-00f4-46a6-9ecf-986e37c0d7e0','Personal Care','Expenses for haircuts, cosmetics, toiletries, and personal grooming.'),
('b6f0134f-7497-4c5f-b4e8-5d0b2a8b7bc2','Travel','Costs related to travel, such as flights, hotels, and vacation activities.'),
('a285d771-01d2-4055-9b42-cc54f9a4b2f1','Household Maintenance','Repairs, cleaning, and improvements for your living space.'),
('129e13f2-637e-4dc6-bcf7-6e7dbebc13b9','Childcare','Spending on daycare, babysitters, and children’s activities.'),
('f99e6af1-2b81-4915-a701-3fbc378e1e7b','Gifts & Donations','Money given as gifts or to charity and donations.'),
('9c0f6e10-3cd1-4940-b2ee-419f10f7fd9c','Subscriptions','Recurring expenses for magazines, newspapers, streaming services, and memberships.'),
('b6ef6b15-c2e3-4fd5-bb6a-35bbcbc13e51','Phone & Internet','Bills for mobile, landline, and internet services.'),
('00a7e3e8-e042-40b9-9a25-3a6eb3fd3097','Taxes','Payments for income, property, or other taxes.'),
('4a2a01db-ec30-4b34-97a1-8b2f0556a222','Investment','Money spent on stocks, mutual funds, and other investments.'),
('c79a9c62-65c5-4c47-86f1-8a51b8eabdbb','Miscellaneous','Other expenses that do not fit into the main categories.');


INSERT INTO users (id, username, firstname, lastname, password, country, city, address, postal_code, avatar_color, receive_news_letters, is_locked, is_enabled, role) VALUES
('c6adf7be-c5e3-49a7-9e9b-0e1f9d2ae786','user@budgetmate.com','Ferdinand','Porsche','$2a$10$kJx2dRS0ZnDlMLwaOSuBqOUCLAh2NQm6mDwtxmV.340BeTyfSgULm','United States','New York','123 Main St, Apt 5B','10001','#00008B',FALSE,FALSE,TRUE,'USER');


INSERT INTO accounts (id, name, currency, current_balance, type, avatar_color, user_id) VALUES
('a1e1b1d4-30c2-4313-bde4-215c7be04715', 'General Account', 'USD', 10000.00, 'GENERAL', '#3498db', 'c6adf7be-c5e3-49a7-9e9b-0e1f9d2ae786'),
('b2f2c2e5-41d3-5424-cfe5-326d8cf15826', 'Cash Wallet', 'USD', 2050.50, 'CASH', '#27ae60', 'c6adf7be-c5e3-49a7-9e9b-0e1f9d2ae786'),
('c3a3d3f6-52e4-6535-dfe6-437e9df26937', 'Credit Card', 'USD', 328.22, 'CREDIT_CARD', '#e74c3c', 'c6adf7be-c5e3-49a7-9e9b-0e1f9d2ae786'),
('d4b4e407-63f5-7646-efe7-548f0ef37a48', 'Savings Account', 'USD', 50000.00, 'SAVINGS_ACCOUNT', '#9b59b6', 'c6adf7be-c5e3-49a7-9e9b-0e1f9d2ae786'),
('e03e18d2-bdbf-4f96-9b5e-cc2c6d97c80c', 'Bonus Account', 'USD', 1000.00, 'BONUS', '#f1c40f', 'c6adf7be-c5e3-49a7-9e9b-0e1f9d2ae786');

INSERT INTO user_accounts (user_id, account_id) VALUES
('c6adf7be-c5e3-49a7-9e9b-0e1f9d2ae786', 'a1e1b1d4-30c2-4313-bde4-215c7be04715'),
('c6adf7be-c5e3-49a7-9e9b-0e1f9d2ae786', 'b2f2c2e5-41d3-5424-cfe5-326d8cf15826'),
('c6adf7be-c5e3-49a7-9e9b-0e1f9d2ae786', 'c3a3d3f6-52e4-6535-dfe6-437e9df26937'),
('c6adf7be-c5e3-49a7-9e9b-0e1f9d2ae786', 'd4b4e407-63f5-7646-efe7-548f0ef37a48'),
('c6adf7be-c5e3-49a7-9e9b-0e1f9d2ae786', 'e03e18d2-bdbf-4f96-9b5e-cc2c6d97c80c');


INSERT INTO budgets (id,name,amount,user_id) VALUES
 ('9b2e264d-931b-4a7e-9f87-9a3d58ebcf38','Groceries',40000.00,'c6adf7be-c5e3-49a7-9e9b-0e1f9d2ae786'),
 ('2a4c8390-5d7d-478e-bb85-05d25565a4fd','Rent',160000.00,'c6adf7be-c5e3-49a7-9e9b-0e1f9d2ae786'),
 ('e4b6f50c-3dce-4f0a-82a3-cf7ca0e58d5e','Clothing',60000.00,'c6adf7be-c5e3-49a7-9e9b-0e1f9d2ae786'),
 ('af25cfac-187a-40cf-bb13-29e9ae527e8f','Savings',50000.00,'c6adf7be-c5e3-49a7-9e9b-0e1f9d2ae786'),
 ('e20a1b4f-6f9b-4772-90fd-c2d0ab96822f','Travel',300000.00,'c6adf7be-c5e3-49a7-9e9b-0e1f9d2ae786');


INSERT INTO budget_record_categories (budget_id, record_category_id) VALUES
('9b2e264d-931b-4a7e-9f87-9a3d58ebcf38', '4b1e0ad3-0d8a-4f8a-b93e-cb2e2aee5b0b'),
('9b2e264d-931b-4a7e-9f87-9a3d58ebcf38', 'e39cf8e8-b99b-4650-928d-cf89f74e4203'),
('2a4c8390-5d7d-478e-bb85-05d25565a4fd', '99a013c5-3346-44e7-9cb9-4b3e5e00271b'),
('2a4c8390-5d7d-478e-bb85-05d25565a4fd', 'a417a045-686e-4ab6-bbf1-1e5b33d2be93'),
('e4b6f50c-3dce-4f0a-82a3-cf7ca0e58d5e', 'ff41c66e-5ff4-4c0d-b3a7-334b8c4271d5'),
('e4b6f50c-3dce-4f0a-82a3-cf7ca0e58d5e', '260b5fc8-00f4-46a6-9ecf-986e37c0d7e0'),
('af25cfac-187a-40cf-bb13-29e9ae527e8f', '4a2a01db-ec30-4b34-97a1-8b2f0556a222'),
('af25cfac-187a-40cf-bb13-29e9ae527e8f', 'c79a9c62-65c5-4c47-86f1-8a51b8eabdbb'),
('e20a1b4f-6f9b-4772-90fd-c2d0ab96822f', 'b6f0134f-7497-4c5f-b4e8-5d0b2a8b7bc2'),
('e20a1b4f-6f9b-4772-90fd-c2d0ab96822f', '3d405321-87be-4e89-b57e-fbfa9579f15d');



INSERT INTO records (id,amount,user_id,payment_time,category_id,type,note,currency,withdrawal_account_id,reciving_account_id) VALUES
('0cd12947-223c-4600-987d-5b8dfd9556b9',957.48,'c6adf7be-c5e3-49a7-9e9b-0e1f9d2ae786','2025-05-07 08:06:45','a285d771-01d2-4055-9b42-cc54f9a4b2f1','INCOME','Groceries','USD',NULL,'c3a3d3f6-52e4-6535-dfe6-437e9df26937'),
('75ca1b26-ebb3-49f4-8ce0-cc3e07782e04',363.0,'c6adf7be-c5e3-49a7-9e9b-0e1f9d2ae786','2025-03-08 22:46:45','b6ef6b15-c2e3-4fd5-bb6a-35bbcbc13e51','INCOME','Ice cream','USD',NULL,'e03e18d2-bdbf-4f96-9b5e-cc2c6d97c80c'),
('db34cdb5-d404-4713-9d6d-1ba14a79e13e',760.21,'c6adf7be-c5e3-49a7-9e9b-0e1f9d2ae786','2025-04-23 05:50:45','b6ef6b15-c2e3-4fd5-bb6a-35bbcbc13e51','INCOME','Church offering','USD',NULL,'d4b4e407-63f5-7646-efe7-548f0ef37a48'),
('7bc3ebe4-2653-4766-92ee-fc0659a581e1',120.61,'c6adf7be-c5e3-49a7-9e9b-0e1f9d2ae786','2025-04-02 05:50:45','a417a045-686e-4ab6-bbf1-1e5b33d2be93','TRANSFER','Movie night','USD','b2f2c2e5-41d3-5424-cfe5-326d8cf15826','c3a3d3f6-52e4-6535-dfe6-437e9df26937'),
('814bd6c6-1a6a-4bd0-975c-e5b0b0a22640',949.73,'c6adf7be-c5e3-49a7-9e9b-0e1f9d2ae786','2025-04-26 10:25:45','00a7e3e8-e042-40b9-9a25-3a6eb3fd3097','TRANSFER','Toys','USD','c3a3d3f6-52e4-6535-dfe6-437e9df26937','a1e1b1d4-30c2-4313-bde4-215c7be04715'),
('2f82d1b0-860d-4b62-a9df-a7de9e8fda56',396.72,'c6adf7be-c5e3-49a7-9e9b-0e1f9d2ae786','2025-05-15 20:41:45','99a013c5-3346-44e7-9cb9-4b3e5e00271b','INCOME','Bakery','USD',NULL,'a1e1b1d4-30c2-4313-bde4-215c7be04715'),
('ef9a7058-ec5b-4ed9-9409-dfb597f05380',649.48,'c6adf7be-c5e3-49a7-9e9b-0e1f9d2ae786','2025-05-13 15:00:45','db73bb60-f9d8-40c3-84a5-4f1bdb62bc27','INCOME','Cloud storage','USD',NULL,'a1e1b1d4-30c2-4313-bde4-215c7be04715'),
('5d6c1af7-eb24-4ea5-91bb-79d7e40c8677',313.06,'c6adf7be-c5e3-49a7-9e9b-0e1f9d2ae786','2025-03-19 17:14:45','c79a9c62-65c5-4c47-86f1-8a51b8eabdbb','EXPENSE','Mobile recharge','USD','a1e1b1d4-30c2-4313-bde4-215c7be04715',NULL),
('2194ebd9-3af5-4210-81d6-edc8477d5e7e',691.98,'c6adf7be-c5e3-49a7-9e9b-0e1f9d2ae786','2025-05-09 15:50:45','c79a9c62-65c5-4c47-86f1-8a51b8eabdbb','TRANSFER','Online shopping','USD','d4b4e407-63f5-7646-efe7-548f0ef37a48','b2f2c2e5-41d3-5424-cfe5-326d8cf15826'),
('d7876b77-0e54-4229-8900-09be3b439f9f',891.09,'c6adf7be-c5e3-49a7-9e9b-0e1f9d2ae786','2025-04-02 06:30:45','4a2a01db-ec30-4b34-97a1-8b2f0556a222','TRANSFER','Spotify subscription','USD','b2f2c2e5-41d3-5424-cfe5-326d8cf15826','c3a3d3f6-52e4-6535-dfe6-437e9df26937'),
('abb9aaa7-af72-4881-bdf9-4b52f39eefb2',996.85,'c6adf7be-c5e3-49a7-9e9b-0e1f9d2ae786','2025-03-07 07:58:45','a417a045-686e-4ab6-bbf1-1e5b33d2be93','EXPENSE','Laptop','USD','d4b4e407-63f5-7646-efe7-548f0ef37a48',NULL),
('9fa4ee93-73e6-46de-aede-12f984f7f55b',288.21,'c6adf7be-c5e3-49a7-9e9b-0e1f9d2ae786','2025-04-28 00:06:45','b6f0134f-7497-4c5f-b4e8-5d0b2a8b7bc2','INCOME','Stock dividend','USD',NULL,'d4b4e407-63f5-7646-efe7-548f0ef37a48'),
('47767983-a569-4adb-9d13-a0c2d1a1356b',786.47,'c6adf7be-c5e3-49a7-9e9b-0e1f9d2ae786','2025-04-11 08:27:45','f99e6af1-2b81-4915-a701-3fbc378e1e7b','TRANSFER','Garden supplies','USD','c3a3d3f6-52e4-6535-dfe6-437e9df26937','d4b4e407-63f5-7646-efe7-548f0ef37a48'),
('a8fe6b06-4445-487f-9851-a7ed7e2290f3',301.9,'c6adf7be-c5e3-49a7-9e9b-0e1f9d2ae786','2025-04-20 22:28:45','99a013c5-3346-44e7-9cb9-4b3e5e00271b','EXPENSE','Handbag','USD','d4b4e407-63f5-7646-efe7-548f0ef37a48',NULL),
('91240874-7f15-4939-bf9c-fc3f66d4c9fe',69.98,'c6adf7be-c5e3-49a7-9e9b-0e1f9d2ae786','2025-03-28 18:42:45','9c0f6e10-3cd1-4940-b2ee-419f10f7fd9c','TRANSFER','Theme park','USD','c3a3d3f6-52e4-6535-dfe6-437e9df26937','a1e1b1d4-30c2-4313-bde4-215c7be04715'),
('4c92c958-a374-4604-af2d-5c50ef79e684',558.56,'c6adf7be-c5e3-49a7-9e9b-0e1f9d2ae786','2025-04-13 10:23:45','ff41c66e-5ff4-4c0d-b3a7-334b8c4271d5','INCOME','Salon','USD',NULL,'b2f2c2e5-41d3-5424-cfe5-326d8cf15826'),
('52b2d086-05a0-486e-9520-935d3311b6bb',919.56,'c6adf7be-c5e3-49a7-9e9b-0e1f9d2ae786','2025-05-10 10:26:45','a285d771-01d2-4055-9b42-cc54f9a4b2f1','INCOME','Pet care','USD',NULL,'a1e1b1d4-30c2-4313-bde4-215c7be04715'),
('3d092000-8c35-4d10-b80b-6e21c21fe24c',522.93,'c6adf7be-c5e3-49a7-9e9b-0e1f9d2ae786','2025-04-01 14:56:45','e39cf8e8-b99b-4650-928d-cf89f74e4203','EXPENSE','Fish market','USD','b2f2c2e5-41d3-5424-cfe5-326d8cf15826',NULL),
('3cd67ecd-db98-4026-b7a0-eb93f1c03a4e',639.05,'c6adf7be-c5e3-49a7-9e9b-0e1f9d2ae786','2025-05-26 07:32:45','4a2a01db-ec30-4b34-97a1-8b2f0556a222','EXPENSE','Amazon Prime','USD','b2f2c2e5-41d3-5424-cfe5-326d8cf15826',NULL),
('2caaa045-ac99-4a6e-951a-c29bac928974',30.23,'c6adf7be-c5e3-49a7-9e9b-0e1f9d2ae786','2025-04-04 06:17:45','9c0f6e10-3cd1-4940-b2ee-419f10f7fd9c','TRANSFER','Interest','USD','a1e1b1d4-30c2-4313-bde4-215c7be04715','d4b4e407-63f5-7646-efe7-548f0ef37a48'),
('47b8d0d1-13d7-431f-ae74-88a5395a6627',400.22,'c6adf7be-c5e3-49a7-9e9b-0e1f9d2ae786','2025-04-28 04:01:45','e39cf8e8-b99b-4650-928d-cf89f74e4203','EXPENSE','Home repair','USD','b2f2c2e5-41d3-5424-cfe5-326d8cf15826',NULL),
('042cd586-9167-481a-a472-adcc20234305',821.6,'c6adf7be-c5e3-49a7-9e9b-0e1f9d2ae786','2025-03-06 12:31:45','129e13f2-637e-4dc6-bcf7-6e7dbebc13b9','TRANSFER','Wine','USD','a1e1b1d4-30c2-4313-bde4-215c7be04715','d4b4e407-63f5-7646-efe7-548f0ef37a48'),
('a07d7162-fa4b-4638-9e5c-759b61a1bd1c',203.2,'c6adf7be-c5e3-49a7-9e9b-0e1f9d2ae786','2025-04-09 00:01:45','9c0f6e10-3cd1-4940-b2ee-419f10f7fd9c','TRANSFER','Cocktail','USD','a1e1b1d4-30c2-4313-bde4-215c7be04715','c3a3d3f6-52e4-6535-dfe6-437e9df26937'),
('da2ecd6f-23ce-4768-bb53-d69b45259878',295.82,'c6adf7be-c5e3-49a7-9e9b-0e1f9d2ae786','2025-05-20 13:24:45','00a7e3e8-e042-40b9-9a25-3a6eb3fd3097','TRANSFER','Clothing','USD','e03e18d2-bdbf-4f96-9b5e-cc2c6d97c80c','b2f2c2e5-41d3-5424-cfe5-326d8cf15826'),
('8902d2e8-7c8b-42b4-aebc-675b9feb763d',895.6,'c6adf7be-c5e3-49a7-9e9b-0e1f9d2ae786','2025-03-18 17:32:45','b6f0134f-7497-4c5f-b4e8-5d0b2a8b7bc2','INCOME','Snacks','USD',NULL,'b2f2c2e5-41d3-5424-cfe5-326d8cf15826'),
('2643e4c7-3636-4604-82de-daa3236d960b',91.42,'c6adf7be-c5e3-49a7-9e9b-0e1f9d2ae786','2025-05-12 14:27:45','ff41c66e-5ff4-4c0d-b3a7-334b8c4271d5','EXPENSE','Bakery','USD','d4b4e407-63f5-7646-efe7-548f0ef37a48',NULL),
('84c1a083-0fa1-4d93-ae26-7d35212cc75d',238.59,'c6adf7be-c5e3-49a7-9e9b-0e1f9d2ae786','2025-05-31 00:04:45','4a2a01db-ec30-4b34-97a1-8b2f0556a222','INCOME','Board games','USD',NULL,'d4b4e407-63f5-7646-efe7-548f0ef37a48'),
('254767b6-ed8f-4d77-9c2d-3f78bd86282c',32.64,'c6adf7be-c5e3-49a7-9e9b-0e1f9d2ae786','2025-04-17 23:37:45','4a2a01db-ec30-4b34-97a1-8b2f0556a222','INCOME','Dry cleaning','USD',NULL,'e03e18d2-bdbf-4f96-9b5e-cc2c6d97c80c'),
('3d789f2f-3972-4829-8990-de22703e9107',182.95,'c6adf7be-c5e3-49a7-9e9b-0e1f9d2ae786','2025-05-13 19:59:45','ff41c66e-5ff4-4c0d-b3a7-334b8c4271d5','TRANSFER','Lost wallet','USD','b2f2c2e5-41d3-5424-cfe5-326d8cf15826','c3a3d3f6-52e4-6535-dfe6-437e9df26937'),
('cc8ded20-0d43-4716-ad9b-c0a488c7dfa6',926.45,'c6adf7be-c5e3-49a7-9e9b-0e1f9d2ae786','2025-05-27 19:13:45','00a7e3e8-e042-40b9-9a25-3a6eb3fd3097','INCOME','Life insurance','USD',NULL,'a1e1b1d4-30c2-4313-bde4-215c7be04715'),
('6befa394-2931-4db0-868e-d220abaafbf2',804.21,'c6adf7be-c5e3-49a7-9e9b-0e1f9d2ae786','2025-05-14 02:50:45','ff41c66e-5ff4-4c0d-b3a7-334b8c4271d5','INCOME','Train ticket','USD',NULL,'d4b4e407-63f5-7646-efe7-548f0ef37a48'),
('1e5ed70a-9edd-4a21-82ce-3e52ec25562d',35.59,'c6adf7be-c5e3-49a7-9e9b-0e1f9d2ae786','2025-05-11 11:47:45','3d405321-87be-4e89-b57e-fbfa9579f15d','TRANSFER','School supplies','USD','e03e18d2-bdbf-4f96-9b5e-cc2c6d97c80c','d4b4e407-63f5-7646-efe7-548f0ef37a48'),
('d088378f-ea2c-498a-8e2d-ee59028ae9d2',206.21,'c6adf7be-c5e3-49a7-9e9b-0e1f9d2ae786','2025-05-18 05:21:45','129e13f2-637e-4dc6-bcf7-6e7dbebc13b9','EXPENSE','Account top-up','USD','a1e1b1d4-30c2-4313-bde4-215c7be04715',NULL),
('b567f2ab-e093-4d35-878b-2a901619d662',441.44,'c6adf7be-c5e3-49a7-9e9b-0e1f9d2ae786','2025-03-26 09:49:45','9c0f6e10-3cd1-4940-b2ee-419f10f7fd9c','EXPENSE','Baby sitter','USD','c3a3d3f6-52e4-6535-dfe6-437e9df26937',NULL),
('3c10c420-501d-41c9-9bcf-99eb816ce975',119.12,'c6adf7be-c5e3-49a7-9e9b-0e1f9d2ae786','2025-04-13 07:09:45','b6ef6b15-c2e3-4fd5-bb6a-35bbcbc13e51','INCOME','Ice cream','USD',NULL,'e03e18d2-bdbf-4f96-9b5e-cc2c6d97c80c'),
('35642ab9-09c2-41b6-983b-3a2013c61751',794.43,'c6adf7be-c5e3-49a7-9e9b-0e1f9d2ae786','2025-04-08 00:38:45','4d414573-3b45-4b22-bb4c-01d348378b5d','EXPENSE','Hospital bill','USD','e03e18d2-bdbf-4f96-9b5e-cc2c6d97c80c',NULL),
('34248fd3-a3f9-474c-a7dc-eb1a2b476d72',815.81,'c6adf7be-c5e3-49a7-9e9b-0e1f9d2ae786','2025-05-17 23:39:45','e39cf8e8-b99b-4650-928d-cf89f74e4203','EXPENSE','Electric bill','USD','b2f2c2e5-41d3-5424-cfe5-326d8cf15826',NULL),
('7ebed585-c27b-4d5d-97f1-486fa411cffd',981.92,'c6adf7be-c5e3-49a7-9e9b-0e1f9d2ae786','2025-05-09 08:45:45','c79a9c62-65c5-4c47-86f1-8a51b8eabdbb','EXPENSE','Pet toys','USD','a1e1b1d4-30c2-4313-bde4-215c7be04715',NULL),
('6eaef7d3-0147-427e-832d-93bc4a48b6ff',672.71,'c6adf7be-c5e3-49a7-9e9b-0e1f9d2ae786','2025-03-31 12:11:45','99a013c5-3346-44e7-9cb9-4b3e5e00271b','EXPENSE','Therapist','USD','e03e18d2-bdbf-4f96-9b5e-cc2c6d97c80c',NULL),
('806829ef-a3fe-4a43-9eec-a6b3167d36be',960.65,'c6adf7be-c5e3-49a7-9e9b-0e1f9d2ae786','2025-05-26 18:28:45','e39cf8e8-b99b-4650-928d-cf89f74e4203','INCOME','Burger joint','USD',NULL,'d4b4e407-63f5-7646-efe7-548f0ef37a48'),
('b1ec4bac-6899-459d-a90c-cce0140d1b13',359.79,'c6adf7be-c5e3-49a7-9e9b-0e1f9d2ae786','2025-05-11 11:37:45','e39cf8e8-b99b-4650-928d-cf89f74e4203','INCOME','Winter jacket','USD',NULL,'c3a3d3f6-52e4-6535-dfe6-437e9df26937'),
('7b24e35b-1e5e-4cb7-95e0-af3fdadc4e10',290.43,'c6adf7be-c5e3-49a7-9e9b-0e1f9d2ae786','2025-05-08 17:24:45','a285d771-01d2-4055-9b42-cc54f9a4b2f1','INCOME','Event','USD',NULL,'a1e1b1d4-30c2-4313-bde4-215c7be04715'),
('a78cc970-7cf2-4bb0-afb7-0e023cf58ba2',166.64,'c6adf7be-c5e3-49a7-9e9b-0e1f9d2ae786','2025-04-14 20:36:45','00a7e3e8-e042-40b9-9a25-3a6eb3fd3097','EXPENSE','Life insurance','USD','e03e18d2-bdbf-4f96-9b5e-cc2c6d97c80c',NULL),
('74f9e3c5-b8de-466a-ba4a-cc07bcff2f3e',633.69,'c6adf7be-c5e3-49a7-9e9b-0e1f9d2ae786','2025-05-16 13:35:45','b6ef6b15-c2e3-4fd5-bb6a-35bbcbc13e51','INCOME','Childcare','USD',NULL,'d4b4e407-63f5-7646-efe7-548f0ef37a48'),
('e3696b92-cf39-4e56-9109-58542fe85502',842.08,'c6adf7be-c5e3-49a7-9e9b-0e1f9d2ae786','2025-04-08 14:24:45','129e13f2-637e-4dc6-bcf7-6e7dbebc13b9','TRANSFER','Chocolate','USD','a1e1b1d4-30c2-4313-bde4-215c7be04715','c3a3d3f6-52e4-6535-dfe6-437e9df26937'),
('3aa2951c-e767-429d-aba0-3b446dd6768a',870.87,'c6adf7be-c5e3-49a7-9e9b-0e1f9d2ae786','2025-05-22 04:27:45','ac6a9441-2d67-4416-90aa-3b9ee6e5e144','INCOME','Birthday cake','USD',NULL,'b2f2c2e5-41d3-5424-cfe5-326d8cf15826'),
('d49757ae-f9d0-49cd-8c0c-82a677071dc4',342.13,'c6adf7be-c5e3-49a7-9e9b-0e1f9d2ae786','2025-05-19 05:09:45','129e13f2-637e-4dc6-bcf7-6e7dbebc13b9','EXPENSE','ATM fee','USD','c3a3d3f6-52e4-6535-dfe6-437e9df26937',NULL),
('e27ef187-f304-4b15-b39c-23e2ee7b53ec',628.39,'c6adf7be-c5e3-49a7-9e9b-0e1f9d2ae786','2025-04-25 05:40:45','b6f0134f-7497-4c5f-b4e8-5d0b2a8b7bc2','INCOME','Hospital bill','USD',NULL,'c3a3d3f6-52e4-6535-dfe6-437e9df26937'),
('9c7d1514-6d0c-4715-a443-332e4091bde3',39.29,'c6adf7be-c5e3-49a7-9e9b-0e1f9d2ae786','2025-05-03 00:32:45','e39cf8e8-b99b-4650-928d-cf89f74e4203','TRANSFER','Stock dividend','USD','a1e1b1d4-30c2-4313-bde4-215c7be04715','d4b4e407-63f5-7646-efe7-548f0ef37a48'),
('feebccd8-19fb-4a34-b3ba-d037613a7f8d',645.78,'c6adf7be-c5e3-49a7-9e9b-0e1f9d2ae786','2025-03-18 03:45:45','ff41c66e-5ff4-4c0d-b3a7-334b8c4271d5','TRANSFER','Commission','USD','e03e18d2-bdbf-4f96-9b5e-cc2c6d97c80c','a1e1b1d4-30c2-4313-bde4-215c7be04715'),
('87a6c45d-7635-46f5-b25b-b190fb14acf7',704.34,'c6adf7be-c5e3-49a7-9e9b-0e1f9d2ae786','2025-03-15 23:41:45','c79a9c62-65c5-4c47-86f1-8a51b8eabdbb','INCOME','Ice cream','USD',NULL,'e03e18d2-bdbf-4f96-9b5e-cc2c6d97c80c'),
('08265719-5326-4cb2-9b4e-7755bfba5971',5.58,'c6adf7be-c5e3-49a7-9e9b-0e1f9d2ae786','2025-05-06 17:31:45','db73bb60-f9d8-40c3-84a5-4f1bdb62bc27','TRANSFER','Carpet','USD','d4b4e407-63f5-7646-efe7-548f0ef37a48','a1e1b1d4-30c2-4313-bde4-215c7be04715'),
('a31dd1d0-deea-4a79-9d62-dba12042e484',584.52,'c6adf7be-c5e3-49a7-9e9b-0e1f9d2ae786','2025-03-15 11:29:45','db73bb60-f9d8-40c3-84a5-4f1bdb62bc27','EXPENSE','Therapist','USD','c3a3d3f6-52e4-6535-dfe6-437e9df26937',NULL),
('a5c97a76-698f-404f-bf11-04f6c0f7a3c3',943.35,'c6adf7be-c5e3-49a7-9e9b-0e1f9d2ae786','2025-03-17 09:50:45','260b5fc8-00f4-46a6-9ecf-986e37c0d7e0','EXPENSE','Appliance purchase','USD','c3a3d3f6-52e4-6535-dfe6-437e9df26937',NULL),
('a93b1a52-67fe-47db-b8e4-d47d7be542ab',117.71,'c6adf7be-c5e3-49a7-9e9b-0e1f9d2ae786','2025-03-11 04:25:45','4b1e0ad3-0d8a-4f8a-b93e-cb2e2aee5b0b','TRANSFER','Medicine','USD','b2f2c2e5-41d3-5424-cfe5-326d8cf15826','c3a3d3f6-52e4-6535-dfe6-437e9df26937'),
('8d97db87-bc98-4dbe-a9a7-51d53f247538',644.13,'c6adf7be-c5e3-49a7-9e9b-0e1f9d2ae786','2025-05-30 21:58:45','e39cf8e8-b99b-4650-928d-cf89f74e4203','TRANSFER','Tablet','USD','e03e18d2-bdbf-4f96-9b5e-cc2c6d97c80c','d4b4e407-63f5-7646-efe7-548f0ef37a48'),
('5cbbdc29-a1ec-4963-aba5-d8c398630e1f',560.93,'c6adf7be-c5e3-49a7-9e9b-0e1f9d2ae786','2025-05-11 03:08:45','a285d771-01d2-4055-9b42-cc54f9a4b2f1','INCOME','Theater ticket','USD',NULL,'a1e1b1d4-30c2-4313-bde4-215c7be04715'),
('1a09c165-2a5b-4d2f-8853-5f95a014fe93',960.76,'c6adf7be-c5e3-49a7-9e9b-0e1f9d2ae786','2025-03-16 22:47:45','a417a045-686e-4ab6-bbf1-1e5b33d2be93','INCOME','Cable TV','USD',NULL,'e03e18d2-bdbf-4f96-9b5e-cc2c6d97c80c'),
('973a682d-ac93-44b4-ad76-93ba46d0077b',784.97,'c6adf7be-c5e3-49a7-9e9b-0e1f9d2ae786','2025-05-17 10:04:45','99a013c5-3346-44e7-9cb9-4b3e5e00271b','INCOME','Gift for friend','USD',NULL,'e03e18d2-bdbf-4f96-9b5e-cc2c6d97c80c'),
('bf00f8da-20a9-44a6-bca2-702525e2212e',607.06,'c6adf7be-c5e3-49a7-9e9b-0e1f9d2ae786','2025-04-15 00:40:45','4a2a01db-ec30-4b34-97a1-8b2f0556a222','INCOME','Doctor visit','USD',NULL,'d4b4e407-63f5-7646-efe7-548f0ef37a48'),
('64db7320-c04f-4727-aa38-a9d8e63888b2',860.06,'c6adf7be-c5e3-49a7-9e9b-0e1f9d2ae786','2025-04-15 10:25:45','e39cf8e8-b99b-4650-928d-cf89f74e4203','INCOME','Reimbursement','USD',NULL,'a1e1b1d4-30c2-4313-bde4-215c7be04715'),
('add6f2f0-f9cb-4b41-ba04-1dae38d0f504',980.07,'c6adf7be-c5e3-49a7-9e9b-0e1f9d2ae786','2025-04-22 23:27:45','129e13f2-637e-4dc6-bcf7-6e7dbebc13b9','TRANSFER','Ice cream','USD','a1e1b1d4-30c2-4313-bde4-215c7be04715','d4b4e407-63f5-7646-efe7-548f0ef37a48'),
('400e3b2e-fc74-458c-aac3-169e1f4fa0d2',540.75,'c6adf7be-c5e3-49a7-9e9b-0e1f9d2ae786','2025-04-04 14:15:45','db73bb60-f9d8-40c3-84a5-4f1bdb62bc27','INCOME','Contact lenses','USD',NULL,'b2f2c2e5-41d3-5424-cfe5-326d8cf15826'),
('3c7b912f-47a9-48d6-8af1-ec5bd39c6d5d',919.7,'c6adf7be-c5e3-49a7-9e9b-0e1f9d2ae786','2025-03-15 13:25:45','f99e6af1-2b81-4915-a701-3fbc378e1e7b','TRANSFER','Toll payment','USD','c3a3d3f6-52e4-6535-dfe6-437e9df26937','e03e18d2-bdbf-4f96-9b5e-cc2c6d97c80c'),
('f3d3a757-a326-478b-8189-a96b7f443ec5',360.17,'c6adf7be-c5e3-49a7-9e9b-0e1f9d2ae786','2025-05-05 16:32:45','c79a9c62-65c5-4c47-86f1-8a51b8eabdbb','INCOME','Hospital bill','USD',NULL,'d4b4e407-63f5-7646-efe7-548f0ef37a48'),
('36978f74-2071-4152-8fa6-7a7d47d84a35',160.2,'c6adf7be-c5e3-49a7-9e9b-0e1f9d2ae786','2025-05-15 13:52:45','129e13f2-637e-4dc6-bcf7-6e7dbebc13b9','TRANSFER','Dry cleaning','USD','b2f2c2e5-41d3-5424-cfe5-326d8cf15826','a1e1b1d4-30c2-4313-bde4-215c7be04715'),
('5bf790fe-b506-4fd6-a455-900ee57dccc9',365.6,'c6adf7be-c5e3-49a7-9e9b-0e1f9d2ae786','2025-04-28 08:14:45','80f246c4-8be8-40ea-aad7-0f155c815a64','INCOME','Charity donation','USD',NULL,'a1e1b1d4-30c2-4313-bde4-215c7be04715'),
('ed4d7f96-7404-4a7c-9679-9e1f746d86e1',849.85,'c6adf7be-c5e3-49a7-9e9b-0e1f9d2ae786','2025-05-22 08:22:45','99a013c5-3346-44e7-9cb9-4b3e5e00271b','EXPENSE','Therapist','USD','d4b4e407-63f5-7646-efe7-548f0ef37a48',NULL),
('3dcf9094-b7f6-42cb-969b-5a5cb8449e50',667.2,'c6adf7be-c5e3-49a7-9e9b-0e1f9d2ae786','2025-05-14 06:03:45','4a2a01db-ec30-4b34-97a1-8b2f0556a222','TRANSFER','Rental income','USD','d4b4e407-63f5-7646-efe7-548f0ef37a48','a1e1b1d4-30c2-4313-bde4-215c7be04715'),
('583f4c34-d051-4fa6-ab9f-d8500b68f841',478.05,'c6adf7be-c5e3-49a7-9e9b-0e1f9d2ae786','2025-03-16 06:12:45','260b5fc8-00f4-46a6-9ecf-986e37c0d7e0','TRANSFER','Laundry','USD','a1e1b1d4-30c2-4313-bde4-215c7be04715','d4b4e407-63f5-7646-efe7-548f0ef37a48'),
('ea674d03-a806-4b0b-b0cc-e98e60fe067e',462.99,'c6adf7be-c5e3-49a7-9e9b-0e1f9d2ae786','2025-04-05 12:27:45','f99e6af1-2b81-4915-a701-3fbc378e1e7b','INCOME','Coffee','USD',NULL,'c3a3d3f6-52e4-6535-dfe6-437e9df26937'),
('4c9c09aa-d7fa-4bfd-a017-cc8deda09ba6',586.11,'c6adf7be-c5e3-49a7-9e9b-0e1f9d2ae786','2025-04-14 18:21:45','99a013c5-3346-44e7-9cb9-4b3e5e00271b','TRANSFER','Shaving kit','USD','c3a3d3f6-52e4-6535-dfe6-437e9df26937','b2f2c2e5-41d3-5424-cfe5-326d8cf15826'),
('fc92526b-0af4-494a-9722-7de550b59a00',26.75,'c6adf7be-c5e3-49a7-9e9b-0e1f9d2ae786','2025-03-23 01:56:45','4d414573-3b45-4b22-bb4c-01d348378b5d','EXPENSE','Car rental','USD','b2f2c2e5-41d3-5424-cfe5-326d8cf15826',NULL),
('b365ce00-4ea3-4a26-8433-847abe66f1d9',203.42,'c6adf7be-c5e3-49a7-9e9b-0e1f9d2ae786','2025-03-14 00:27:45','c79a9c62-65c5-4c47-86f1-8a51b8eabdbb','TRANSFER','Pet food','USD','c3a3d3f6-52e4-6535-dfe6-437e9df26937','d4b4e407-63f5-7646-efe7-548f0ef37a48'),
('1434dcc4-2e4c-4fdf-ba1f-a63c62ce8dd8',401.83,'c6adf7be-c5e3-49a7-9e9b-0e1f9d2ae786','2025-03-09 03:19:45','c79a9c62-65c5-4c47-86f1-8a51b8eabdbb','TRANSFER','Farmers market','USD','d4b4e407-63f5-7646-efe7-548f0ef37a48','a1e1b1d4-30c2-4313-bde4-215c7be04715'),
('1c3b0a76-e885-411a-ac4b-0583e19a3ae1',765.19,'c6adf7be-c5e3-49a7-9e9b-0e1f9d2ae786','2025-05-29 03:53:45','4a2a01db-ec30-4b34-97a1-8b2f0556a222','EXPENSE','Personal hygiene','USD','c3a3d3f6-52e4-6535-dfe6-437e9df26937',NULL),
('45821f06-1d33-4be6-9aa1-feff901b1849',85.33,'c6adf7be-c5e3-49a7-9e9b-0e1f9d2ae786','2025-04-23 19:18:45','9c0f6e10-3cd1-4940-b2ee-419f10f7fd9c','TRANSFER','Street food','USD','b2f2c2e5-41d3-5424-cfe5-326d8cf15826','a1e1b1d4-30c2-4313-bde4-215c7be04715'),
('147f5bcb-6aac-41f8-9943-cdef24da27e8',227.2,'c6adf7be-c5e3-49a7-9e9b-0e1f9d2ae786','2025-05-10 00:59:45','a285d771-01d2-4055-9b42-cc54f9a4b2f1','TRANSFER','Supermarket','USD','e03e18d2-bdbf-4f96-9b5e-cc2c6d97c80c','b2f2c2e5-41d3-5424-cfe5-326d8cf15826'),
('b3ddee6c-370d-4485-ad91-e68020f43229',14.77,'c6adf7be-c5e3-49a7-9e9b-0e1f9d2ae786','2025-04-14 04:35:45','4a2a01db-ec30-4b34-97a1-8b2f0556a222','TRANSFER','Doctor visit','USD','a1e1b1d4-30c2-4313-bde4-215c7be04715','c3a3d3f6-52e4-6535-dfe6-437e9df26937'),
('26086ea0-3b67-47d6-8b6d-9bb0496b4a51',468.27,'c6adf7be-c5e3-49a7-9e9b-0e1f9d2ae786','2025-05-08 01:38:45','4b1e0ad3-0d8a-4f8a-b93e-cb2e2aee5b0b','EXPENSE','Salary','USD','e03e18d2-bdbf-4f96-9b5e-cc2c6d97c80c',NULL),
('992653ba-8721-414d-82d3-d4cb221e632b',842.52,'c6adf7be-c5e3-49a7-9e9b-0e1f9d2ae786','2025-04-17 15:13:45','260b5fc8-00f4-46a6-9ecf-986e37c0d7e0','TRANSFER','Allowance','USD','e03e18d2-bdbf-4f96-9b5e-cc2c6d97c80c','b2f2c2e5-41d3-5424-cfe5-326d8cf15826'),
('bdfe6bc9-2f32-4da7-8241-69e0c849c377',303.27,'c6adf7be-c5e3-49a7-9e9b-0e1f9d2ae786','2025-05-20 17:18:45','a417a045-686e-4ab6-bbf1-1e5b33d2be93','TRANSFER','Museum entry','USD','e03e18d2-bdbf-4f96-9b5e-cc2c6d97c80c','c3a3d3f6-52e4-6535-dfe6-437e9df26937'),
('138f923e-90fd-4e85-a206-e60b2fe302b8',956.75,'c6adf7be-c5e3-49a7-9e9b-0e1f9d2ae786','2025-04-06 20:23:45','9c0f6e10-3cd1-4940-b2ee-419f10f7fd9c','INCOME','Board games','USD',NULL,'d4b4e407-63f5-7646-efe7-548f0ef37a48'),
('54ffc7d4-824c-4730-bcba-ab5013b47a9d',757.05,'c6adf7be-c5e3-49a7-9e9b-0e1f9d2ae786','2025-03-29 14:42:45','f99e6af1-2b81-4915-a701-3fbc378e1e7b','INCOME','Bus fare','USD',NULL,'b2f2c2e5-41d3-5424-cfe5-326d8cf15826'),
('55496539-96be-4792-a2d0-efde4777727f',500.06,'c6adf7be-c5e3-49a7-9e9b-0e1f9d2ae786','2025-05-20 10:27:45','ac6a9441-2d67-4416-90aa-3b9ee6e5e144','EXPENSE','Restaurant','USD','b2f2c2e5-41d3-5424-cfe5-326d8cf15826',NULL),
('6e226ff8-5d03-466e-9b63-3a09fbc6bdd2',505.7,'c6adf7be-c5e3-49a7-9e9b-0e1f9d2ae786','2025-03-29 03:50:45','b6ef6b15-c2e3-4fd5-bb6a-35bbcbc13e51','TRANSFER','Therapist','USD','b2f2c2e5-41d3-5424-cfe5-326d8cf15826','d4b4e407-63f5-7646-efe7-548f0ef37a48'),
('402fee22-96f3-4670-8c33-af5c90b2470d',281.98,'c6adf7be-c5e3-49a7-9e9b-0e1f9d2ae786','2025-04-22 04:56:45','00a7e3e8-e042-40b9-9a25-3a6eb3fd3097','INCOME','Farmers market','USD',NULL,'e03e18d2-bdbf-4f96-9b5e-cc2c6d97c80c'),
('bfa13a5d-d420-4d33-9240-df362f83e38b',799.73,'c6adf7be-c5e3-49a7-9e9b-0e1f9d2ae786','2025-05-09 06:44:45','99a013c5-3346-44e7-9cb9-4b3e5e00271b','EXPENSE','Pet care','USD','b2f2c2e5-41d3-5424-cfe5-326d8cf15826',NULL),
('b8f51d77-ad87-4f0f-a511-3c4f081becf0',179.86,'c6adf7be-c5e3-49a7-9e9b-0e1f9d2ae786','2025-03-05 06:59:45','f99e6af1-2b81-4915-a701-3fbc378e1e7b','EXPENSE','Chiropractor','USD','d4b4e407-63f5-7646-efe7-548f0ef37a48',NULL),
('20734967-1ac0-474f-966c-3ac10be3390f',513.36,'c6adf7be-c5e3-49a7-9e9b-0e1f9d2ae786','2025-03-31 07:48:45','a417a045-686e-4ab6-bbf1-1e5b33d2be93','TRANSFER','Fundraiser','USD','c3a3d3f6-52e4-6535-dfe6-437e9df26937','a1e1b1d4-30c2-4313-bde4-215c7be04715'),
('102cc1a2-7b71-44f5-9439-7a2c03f2ada4',696.33,'c6adf7be-c5e3-49a7-9e9b-0e1f9d2ae786','2025-03-04 11:57:45','b6f0134f-7497-4c5f-b4e8-5d0b2a8b7bc2','INCOME','Sunglasses','USD',NULL,'d4b4e407-63f5-7646-efe7-548f0ef37a48'),
('09f53ef9-9fc4-4c30-8c63-7a78ecf06460',482.31,'c6adf7be-c5e3-49a7-9e9b-0e1f9d2ae786','2025-04-05 09:05:45','f99e6af1-2b81-4915-a701-3fbc378e1e7b','EXPENSE','Restaurant','USD','c3a3d3f6-52e4-6535-dfe6-437e9df26937',NULL),
('15582b47-78c9-4c3c-b177-02920a1da274',954.78,'c6adf7be-c5e3-49a7-9e9b-0e1f9d2ae786','2025-05-16 14:58:45','e39cf8e8-b99b-4650-928d-cf89f74e4203','TRANSFER','Handbag','USD','a1e1b1d4-30c2-4313-bde4-215c7be04715','c3a3d3f6-52e4-6535-dfe6-437e9df26937'),
('7987a67f-67a2-4bed-87d5-042223133919',360.19,'c6adf7be-c5e3-49a7-9e9b-0e1f9d2ae786','2025-05-06 13:11:45','f99e6af1-2b81-4915-a701-3fbc378e1e7b','TRANSFER','Birthday present','USD','e03e18d2-bdbf-4f96-9b5e-cc2c6d97c80c','b2f2c2e5-41d3-5424-cfe5-326d8cf15826'),
('94d02ad1-eeb2-4493-9201-9450eac94a6d',742.14,'c6adf7be-c5e3-49a7-9e9b-0e1f9d2ae786','2025-05-30 12:19:45','a285d771-01d2-4055-9b42-cc54f9a4b2f1','TRANSFER','Fruit store','USD','e03e18d2-bdbf-4f96-9b5e-cc2c6d97c80c','a1e1b1d4-30c2-4313-bde4-215c7be04715'),
('9abbe18e-c142-4fb9-874b-dc607e6cd2d9',870.25,'c6adf7be-c5e3-49a7-9e9b-0e1f9d2ae786','2025-03-16 15:58:45','e39cf8e8-b99b-4650-928d-cf89f74e4203','EXPENSE','Gym membership','USD','c3a3d3f6-52e4-6535-dfe6-437e9df26937',NULL),
('d8a2bbc8-f4d8-45ec-a622-0ad3a91fbf6e',240.39,'c6adf7be-c5e3-49a7-9e9b-0e1f9d2ae786','2025-05-10 19:14:45','db73bb60-f9d8-40c3-84a5-4f1bdb62bc27','EXPENSE','Takeout','USD','a1e1b1d4-30c2-4313-bde4-215c7be04715',NULL),
('a7bef1a1-1432-487e-9ab8-33b2b75e23f5',396.86,'c6adf7be-c5e3-49a7-9e9b-0e1f9d2ae786','2025-05-12 19:03:45','db73bb60-f9d8-40c3-84a5-4f1bdb62bc27','TRANSFER','Lunch','USD','d4b4e407-63f5-7646-efe7-548f0ef37a48','b2f2c2e5-41d3-5424-cfe5-326d8cf15826'),
('36fa29d8-38c8-4c2b-879c-058fb0c954d6',457.64,'c6adf7be-c5e3-49a7-9e9b-0e1f9d2ae786','2025-05-06 14:05:45','e39cf8e8-b99b-4650-928d-cf89f74e4203','EXPENSE','Pizza night','USD','a1e1b1d4-30c2-4313-bde4-215c7be04715',NULL),
('bc0883eb-53d0-4bd0-9b76-292f10d0185d',667.97,'c6adf7be-c5e3-49a7-9e9b-0e1f9d2ae786','2025-03-12 17:53:45','3d405321-87be-4e89-b57e-fbfa9579f15d','EXPENSE','Shaving kit','USD','b2f2c2e5-41d3-5424-cfe5-326d8cf15826',NULL),
('b8ba7a3b-1f79-495c-a9d9-4f3a5812f1f1',662.19,'c6adf7be-c5e3-49a7-9e9b-0e1f9d2ae786','2025-05-01 08:42:45','4a2a01db-ec30-4b34-97a1-8b2f0556a222','TRANSFER','Vacuum cleaner','USD','a1e1b1d4-30c2-4313-bde4-215c7be04715','d4b4e407-63f5-7646-efe7-548f0ef37a48'),
('9b54553b-358f-4e34-896d-1136743ef5b7',940.8,'c6adf7be-c5e3-49a7-9e9b-0e1f9d2ae786','2025-05-20 22:56:45','4d414573-3b45-4b22-bb4c-01d348378b5d','EXPENSE','Travel insurance','USD','e03e18d2-bdbf-4f96-9b5e-cc2c6d97c80c',NULL),
('5206db00-e6a9-4470-b5bd-70acb909ecc6',68.28,'c6adf7be-c5e3-49a7-9e9b-0e1f9d2ae786','2025-04-24 14:09:45','129e13f2-637e-4dc6-bcf7-6e7dbebc13b9','EXPENSE','Freelance payment','USD','a1e1b1d4-30c2-4313-bde4-215c7be04715',NULL),
('f5152c72-daca-4c9d-ab51-2e8941d86c1f',30.57,'c6adf7be-c5e3-49a7-9e9b-0e1f9d2ae786','2025-04-19 00:22:45','99a013c5-3346-44e7-9cb9-4b3e5e00271b','EXPENSE','Coffee','USD','c3a3d3f6-52e4-6535-dfe6-437e9df26937',NULL),
('fc29c475-4ce2-4010-ad6f-c6bfe5624059',918.69,'c6adf7be-c5e3-49a7-9e9b-0e1f9d2ae786','2025-03-18 12:57:45','4d414573-3b45-4b22-bb4c-01d348378b5d','TRANSFER','Sunglasses','USD','d4b4e407-63f5-7646-efe7-548f0ef37a48','a1e1b1d4-30c2-4313-bde4-215c7be04715'),
('49afd26b-c8ca-45bf-81ed-80710c1a9d01',449.55,'c6adf7be-c5e3-49a7-9e9b-0e1f9d2ae786','2025-04-14 21:09:45','a285d771-01d2-4055-9b42-cc54f9a4b2f1','INCOME','Account top-up','USD',NULL,'c3a3d3f6-52e4-6535-dfe6-437e9df26937'),
('c62d7948-447d-4507-a86a-667332ac7773',16.39,'c6adf7be-c5e3-49a7-9e9b-0e1f9d2ae786','2025-05-18 18:03:45','9c0f6e10-3cd1-4940-b2ee-419f10f7fd9c','TRANSFER','Laundry','USD','a1e1b1d4-30c2-4313-bde4-215c7be04715','c3a3d3f6-52e4-6535-dfe6-437e9df26937'),
('2e480765-0875-407b-a536-f9d7e7f28d61',196.12,'c6adf7be-c5e3-49a7-9e9b-0e1f9d2ae786','2025-04-06 20:07:45','a285d771-01d2-4055-9b42-cc54f9a4b2f1','INCOME','Sports match','USD',NULL,'e03e18d2-bdbf-4f96-9b5e-cc2c6d97c80c'),
('591cb8f9-c74b-4de4-bc40-992e62a5036c',794.88,'c6adf7be-c5e3-49a7-9e9b-0e1f9d2ae786','2025-03-31 00:05:45','e39cf8e8-b99b-4650-928d-cf89f74e4203','EXPENSE','Crowdfunding','USD','d4b4e407-63f5-7646-efe7-548f0ef37a48',NULL),
('ea8c12cc-d036-4c7a-bd6c-5226ba291369',87.15,'c6adf7be-c5e3-49a7-9e9b-0e1f9d2ae786','2025-05-28 15:53:45','b6f0134f-7497-4c5f-b4e8-5d0b2a8b7bc2','TRANSFER','Souvenirs','USD','a1e1b1d4-30c2-4313-bde4-215c7be04715','e03e18d2-bdbf-4f96-9b5e-cc2c6d97c80c'),
('7755e2e7-c5b8-48c0-acff-f9f0a0491cbb',854.31,'c6adf7be-c5e3-49a7-9e9b-0e1f9d2ae786','2025-03-23 12:00:45','ac6a9441-2d67-4416-90aa-3b9ee6e5e144','TRANSFER','Snacks','USD','e03e18d2-bdbf-4f96-9b5e-cc2c6d97c80c','a1e1b1d4-30c2-4313-bde4-215c7be04715'),
('c3deeba2-14fb-4e66-9fa6-5271a83cfcd0',852.46,'c6adf7be-c5e3-49a7-9e9b-0e1f9d2ae786','2025-04-09 02:11:45','f99e6af1-2b81-4915-a701-3fbc378e1e7b','TRANSFER','Wire transfer','USD','d4b4e407-63f5-7646-efe7-548f0ef37a48','e03e18d2-bdbf-4f96-9b5e-cc2c6d97c80c'),
('6169810a-b0ef-4884-abbd-c521fb31ab5f',593.41,'c6adf7be-c5e3-49a7-9e9b-0e1f9d2ae786','2025-05-13 06:09:45','b6f0134f-7497-4c5f-b4e8-5d0b2a8b7bc2','INCOME','Toys','USD',NULL,'b2f2c2e5-41d3-5424-cfe5-326d8cf15826'),
('5f3f1c91-0d26-4f0b-89e1-ecbd13af42a4',487.09,'c6adf7be-c5e3-49a7-9e9b-0e1f9d2ae786','2025-03-05 23:07:45','db73bb60-f9d8-40c3-84a5-4f1bdb62bc27','INCOME','School fees','USD',NULL,'c3a3d3f6-52e4-6535-dfe6-437e9df26937'),
('be2c4f22-082f-4a75-aba8-8de2b86d392e',460.65,'c6adf7be-c5e3-49a7-9e9b-0e1f9d2ae786','2025-05-27 09:26:45','ac6a9441-2d67-4416-90aa-3b9ee6e5e144','INCOME','Prescription','USD',NULL,'c3a3d3f6-52e4-6535-dfe6-437e9df26937'),
('725e4e1a-544e-4adc-9da0-04794d13a245',551.29,'c6adf7be-c5e3-49a7-9e9b-0e1f9d2ae786','2025-03-16 03:11:45','80f246c4-8be8-40ea-aad7-0f155c815a64','EXPENSE','Curtains','USD','a1e1b1d4-30c2-4313-bde4-215c7be04715',NULL),
('d4f81724-3178-43f7-9d95-80e634885eec',476.91,'c6adf7be-c5e3-49a7-9e9b-0e1f9d2ae786','2025-03-29 14:17:45','129e13f2-637e-4dc6-bcf7-6e7dbebc13b9','TRANSFER','Water bill','USD','d4b4e407-63f5-7646-efe7-548f0ef37a48','e03e18d2-bdbf-4f96-9b5e-cc2c6d97c80c'),
('00a97193-6c38-4cd4-af7e-b7ab368cc569',142.24,'c6adf7be-c5e3-49a7-9e9b-0e1f9d2ae786','2025-04-03 08:22:45','99a013c5-3346-44e7-9cb9-4b3e5e00271b','TRANSFER','Lost wallet','USD','e03e18d2-bdbf-4f96-9b5e-cc2c6d97c80c','b2f2c2e5-41d3-5424-cfe5-326d8cf15826'),
('e9cda58f-0b1e-4cb2-b989-ebdc13bccdcd',996.2,'c6adf7be-c5e3-49a7-9e9b-0e1f9d2ae786','2025-03-19 13:22:45','80f246c4-8be8-40ea-aad7-0f155c815a64','INCOME','Internet','USD',NULL,'e03e18d2-bdbf-4f96-9b5e-cc2c6d97c80c'),
('6754154f-698a-4404-88a7-19d1ca4045f7',257.43,'c6adf7be-c5e3-49a7-9e9b-0e1f9d2ae786','2025-04-23 01:02:45','9c0f6e10-3cd1-4940-b2ee-419f10f7fd9c','EXPENSE','Toys','USD','a1e1b1d4-30c2-4313-bde4-215c7be04715',NULL),
('7133bc04-2b30-4b9f-b4f1-08919427b3b2',747.94,'c6adf7be-c5e3-49a7-9e9b-0e1f9d2ae786','2025-05-13 03:28:45','260b5fc8-00f4-46a6-9ecf-986e37c0d7e0','TRANSFER','Bank transfer','USD','b2f2c2e5-41d3-5424-cfe5-326d8cf15826','d4b4e407-63f5-7646-efe7-548f0ef37a48'),
('e78033ba-abf0-4935-9793-10bab7d6cfa7',916.26,'c6adf7be-c5e3-49a7-9e9b-0e1f9d2ae786','2025-03-26 09:00:45','ac6a9441-2d67-4416-90aa-3b9ee6e5e144','EXPENSE','Curtains','USD','a1e1b1d4-30c2-4313-bde4-215c7be04715',NULL),
('1819427d-2bfb-4dc4-90ff-48e8d2c77490',86.68,'c6adf7be-c5e3-49a7-9e9b-0e1f9d2ae786','2025-05-05 07:57:45','9c0f6e10-3cd1-4940-b2ee-419f10f7fd9c','INCOME','School fees','USD',NULL,'d4b4e407-63f5-7646-efe7-548f0ef37a48'),
('dfbc4a15-b5e7-4fb5-9f59-e3bc0720c10b',247.74,'c6adf7be-c5e3-49a7-9e9b-0e1f9d2ae786','2025-04-19 02:29:45','a417a045-686e-4ab6-bbf1-1e5b33d2be93','TRANSFER','Salon','USD','a1e1b1d4-30c2-4313-bde4-215c7be04715','d4b4e407-63f5-7646-efe7-548f0ef37a48'),
('8771652f-236f-4ea5-8c54-85b4825edd86',23.71,'c6adf7be-c5e3-49a7-9e9b-0e1f9d2ae786','2025-04-20 10:03:45','c79a9c62-65c5-4c47-86f1-8a51b8eabdbb','EXPENSE','Sports match','USD','a1e1b1d4-30c2-4313-bde4-215c7be04715',NULL),
('15df69a1-58c2-4cee-8296-b9c1e40c0381',347.69,'c6adf7be-c5e3-49a7-9e9b-0e1f9d2ae786','2025-04-19 14:41:45','4a2a01db-ec30-4b34-97a1-8b2f0556a222','EXPENSE','Curtains','USD','b2f2c2e5-41d3-5424-cfe5-326d8cf15826',NULL),
('457e48a1-c91c-463d-a2ce-fa500fb59036',477.57,'c6adf7be-c5e3-49a7-9e9b-0e1f9d2ae786','2025-04-29 04:18:45','4d414573-3b45-4b22-bb4c-01d348378b5d','TRANSFER','Fundraiser','USD','e03e18d2-bdbf-4f96-9b5e-cc2c6d97c80c','b2f2c2e5-41d3-5424-cfe5-326d8cf15826'),
('a45749b5-b3c0-4c88-89ed-9416ba7a673e',843.0,'c6adf7be-c5e3-49a7-9e9b-0e1f9d2ae786','2025-03-28 11:30:45','9c0f6e10-3cd1-4940-b2ee-419f10f7fd9c','EXPENSE','Overdraft fee','USD','d4b4e407-63f5-7646-efe7-548f0ef37a48',NULL),
('90eff68e-f8d2-4b5d-8653-83ac3ba9f7f0',923.88,'c6adf7be-c5e3-49a7-9e9b-0e1f9d2ae786','2025-05-19 14:22:45','260b5fc8-00f4-46a6-9ecf-986e37c0d7e0','TRANSFER','Cheque deposit','USD','d4b4e407-63f5-7646-efe7-548f0ef37a48','a1e1b1d4-30c2-4313-bde4-215c7be04715'),
('a8607b4f-6597-4124-81ae-d8ab7a45ace1',364.14,'c6adf7be-c5e3-49a7-9e9b-0e1f9d2ae786','2025-04-19 11:28:45','9c0f6e10-3cd1-4940-b2ee-419f10f7fd9c','EXPENSE','Online shopping','USD','e03e18d2-bdbf-4f96-9b5e-cc2c6d97c80c',NULL),
('88ebbb38-8bd1-4d1e-b995-fb1ea277db22',301.45,'c6adf7be-c5e3-49a7-9e9b-0e1f9d2ae786','2025-04-27 05:50:45','ff41c66e-5ff4-4c0d-b3a7-334b8c4271d5','EXPENSE','School supplies','USD','d4b4e407-63f5-7646-efe7-548f0ef37a48',NULL),
('c0f63073-ceab-413a-91e1-b7a4e822f30e',481.91,'c6adf7be-c5e3-49a7-9e9b-0e1f9d2ae786','2025-05-29 23:22:45','db73bb60-f9d8-40c3-84a5-4f1bdb62bc27','INCOME','Snacks','USD',NULL,'c3a3d3f6-52e4-6535-dfe6-437e9df26937'),
('d7360e92-555a-4960-8eb0-21574ce6118f',426.35,'c6adf7be-c5e3-49a7-9e9b-0e1f9d2ae786','2025-03-26 05:22:45','e39cf8e8-b99b-4650-928d-cf89f74e4203','INCOME','Car rental','USD',NULL,'e03e18d2-bdbf-4f96-9b5e-cc2c6d97c80c'),
('38a7f135-68cb-499e-abf0-6a65aabc6fc8',134.8,'c6adf7be-c5e3-49a7-9e9b-0e1f9d2ae786','2025-03-31 12:58:45','e39cf8e8-b99b-4650-928d-cf89f74e4203','INCOME','Carpet','USD',NULL,'b2f2c2e5-41d3-5424-cfe5-326d8cf15826'),
('01f489e6-97ab-47c5-87b6-c6ca95fa0024',630.19,'c6adf7be-c5e3-49a7-9e9b-0e1f9d2ae786','2025-03-07 05:20:45','a417a045-686e-4ab6-bbf1-1e5b33d2be93','EXPENSE','Market','USD','c3a3d3f6-52e4-6535-dfe6-437e9df26937',NULL),
('17626c18-6dba-4b28-b0bf-558a4f810de2',27.37,'c6adf7be-c5e3-49a7-9e9b-0e1f9d2ae786','2025-05-05 01:43:45','260b5fc8-00f4-46a6-9ecf-986e37c0d7e0','INCOME','Groceries','USD',NULL,'b2f2c2e5-41d3-5424-cfe5-326d8cf15826'),
('6c2cf581-4c1b-41df-b684-f3e9171b444c',394.19,'c6adf7be-c5e3-49a7-9e9b-0e1f9d2ae786','2025-04-18 20:06:45','4d414573-3b45-4b22-bb4c-01d348378b5d','INCOME','Textbooks','USD',NULL,'c3a3d3f6-52e4-6535-dfe6-437e9df26937'),
('e23b4fef-23e2-4d19-b2b6-945f1292d675',579.15,'c6adf7be-c5e3-49a7-9e9b-0e1f9d2ae786','2025-05-19 14:48:45','ff41c66e-5ff4-4c0d-b3a7-334b8c4271d5','TRANSFER','Shampoo','USD','b2f2c2e5-41d3-5424-cfe5-326d8cf15826','d4b4e407-63f5-7646-efe7-548f0ef37a48'),
('12cb2ca1-f6a4-4e3f-afd1-a0d8ed7cdfc2',72.04,'c6adf7be-c5e3-49a7-9e9b-0e1f9d2ae786','2025-05-19 02:35:45','f99e6af1-2b81-4915-a701-3fbc378e1e7b','INCOME','Bonus','USD',NULL,'d4b4e407-63f5-7646-efe7-548f0ef37a48'),
('c28daf07-4054-4a89-9cdd-1997f379ade3',749.4,'c6adf7be-c5e3-49a7-9e9b-0e1f9d2ae786','2025-04-06 06:59:45','260b5fc8-00f4-46a6-9ecf-986e37c0d7e0','TRANSFER','Stationery','USD','d4b4e407-63f5-7646-efe7-548f0ef37a48','b2f2c2e5-41d3-5424-cfe5-326d8cf15826'),
('b5b0bd3c-37c2-4b39-95ba-bee7f4b9f01e',709.29,'c6adf7be-c5e3-49a7-9e9b-0e1f9d2ae786','2025-03-03 23:28:45','80f246c4-8be8-40ea-aad7-0f155c815a64','EXPENSE','Electrician service','USD','b2f2c2e5-41d3-5424-cfe5-326d8cf15826',NULL),
('2cb166ef-54f3-49a6-aa36-8fa79366ed42',303.45,'c6adf7be-c5e3-49a7-9e9b-0e1f9d2ae786','2025-04-15 07:20:45','db73bb60-f9d8-40c3-84a5-4f1bdb62bc27','TRANSFER','Boat ride','USD','b2f2c2e5-41d3-5424-cfe5-326d8cf15826','c3a3d3f6-52e4-6535-dfe6-437e9df26937'),
('9c6d95ab-ac7f-44a6-a786-0b8d625ff4e6',50.92,'c6adf7be-c5e3-49a7-9e9b-0e1f9d2ae786','2025-03-15 02:23:45','9c0f6e10-3cd1-4940-b2ee-419f10f7fd9c','INCOME','Part-time job','USD',NULL,'b2f2c2e5-41d3-5424-cfe5-326d8cf15826'),
('dc09e72b-2411-4f92-b0b9-4ebc81dc0751',594.86,'c6adf7be-c5e3-49a7-9e9b-0e1f9d2ae786','2025-05-09 21:53:45','3d405321-87be-4e89-b57e-fbfa9579f15d','EXPENSE','Bakery','USD','b2f2c2e5-41d3-5424-cfe5-326d8cf15826',NULL),
('15831cc8-cac9-48ed-b2f1-fcfddc623f57',668.42,'c6adf7be-c5e3-49a7-9e9b-0e1f9d2ae786','2025-03-23 00:20:45','129e13f2-637e-4dc6-bcf7-6e7dbebc13b9','INCOME','Hospital bill','USD',NULL,'b2f2c2e5-41d3-5424-cfe5-326d8cf15826'),
('4dee0300-cde6-45d0-a0c4-992c205fe845',36.03,'c6adf7be-c5e3-49a7-9e9b-0e1f9d2ae786','2025-03-07 05:35:45','ac6a9441-2d67-4416-90aa-3b9ee6e5e144','EXPENSE','Petrol','USD','d4b4e407-63f5-7646-efe7-548f0ef37a48',NULL),
('59d9d370-f502-4a6a-9f84-4c5e729cd4b9',19.37,'c6adf7be-c5e3-49a7-9e9b-0e1f9d2ae786','2025-04-22 10:17:45','4b1e0ad3-0d8a-4f8a-b93e-cb2e2aee5b0b','TRANSFER','Garden supplies','USD','b2f2c2e5-41d3-5424-cfe5-326d8cf15826','a1e1b1d4-30c2-4313-bde4-215c7be04715'),
('3ec13feb-3a64-4074-b58e-3853cfc199f3',846.76,'c6adf7be-c5e3-49a7-9e9b-0e1f9d2ae786','2025-04-27 04:10:45','00a7e3e8-e042-40b9-9a25-3a6eb3fd3097','TRANSFER','Birthday cake','USD','c3a3d3f6-52e4-6535-dfe6-437e9df26937','e03e18d2-bdbf-4f96-9b5e-cc2c6d97c80c'),
('88c8a6b4-03f2-47ba-bb3e-58a5f6ad9b3f',672.03,'c6adf7be-c5e3-49a7-9e9b-0e1f9d2ae786','2025-05-27 01:38:45','00a7e3e8-e042-40b9-9a25-3a6eb3fd3097','EXPENSE','Wedding gift','USD','d4b4e407-63f5-7646-efe7-548f0ef37a48',NULL),
('b7c95f76-65da-419c-8740-e08cabe423c2',339.21,'c6adf7be-c5e3-49a7-9e9b-0e1f9d2ae786','2025-05-31 16:21:45','ac6a9441-2d67-4416-90aa-3b9ee6e5e144','INCOME','Microwave','USD',NULL,'a1e1b1d4-30c2-4313-bde4-215c7be04715'),
('6c8acce4-4e01-4d6f-a68c-d6ab1267ca1e',764.54,'c6adf7be-c5e3-49a7-9e9b-0e1f9d2ae786','2025-04-04 14:55:45','f99e6af1-2b81-4915-a701-3fbc378e1e7b','TRANSFER','Toys','USD','c3a3d3f6-52e4-6535-dfe6-437e9df26937','b2f2c2e5-41d3-5424-cfe5-326d8cf15826'),
('5e69ebdc-8ca1-41c0-bca1-f481856c05b1',97.93,'c6adf7be-c5e3-49a7-9e9b-0e1f9d2ae786','2025-03-24 19:50:45','ac6a9441-2d67-4416-90aa-3b9ee6e5e144','EXPENSE','School supplies','USD','e03e18d2-bdbf-4f96-9b5e-cc2c6d97c80c',NULL),
('7a6bf8ab-f72e-4602-b9fa-307a0aab03fe',340.69,'c6adf7be-c5e3-49a7-9e9b-0e1f9d2ae786','2025-04-24 02:34:45','a417a045-686e-4ab6-bbf1-1e5b33d2be93','EXPENSE','Magazine subscription','USD','e03e18d2-bdbf-4f96-9b5e-cc2c6d97c80c',NULL),
('c09b2eaa-98c8-4e3f-915b-f2f139e41d0e',86.31,'c6adf7be-c5e3-49a7-9e9b-0e1f9d2ae786','2025-04-01 02:33:45','00a7e3e8-e042-40b9-9a25-3a6eb3fd3097','EXPENSE','Streaming subscription','USD','e03e18d2-bdbf-4f96-9b5e-cc2c6d97c80c',NULL),
('2c3ed791-ce10-4fb6-8773-7136adf87c79',523.84,'c6adf7be-c5e3-49a7-9e9b-0e1f9d2ae786','2025-05-06 20:53:45','b6ef6b15-c2e3-4fd5-bb6a-35bbcbc13e51','INCOME','Streaming subscription','USD',NULL,'c3a3d3f6-52e4-6535-dfe6-437e9df26937'),
('fb2f5b34-38d6-442d-8540-fc001ca3c567',43.88,'c6adf7be-c5e3-49a7-9e9b-0e1f9d2ae786','2025-03-14 10:09:45','3d405321-87be-4e89-b57e-fbfa9579f15d','TRANSFER','Personal hygiene','USD','a1e1b1d4-30c2-4313-bde4-215c7be04715','c3a3d3f6-52e4-6535-dfe6-437e9df26937'),
('ccc14b15-c5fb-4e8d-a668-82f08f5f948a',991.56,'c6adf7be-c5e3-49a7-9e9b-0e1f9d2ae786','2025-05-21 00:51:45','b6ef6b15-c2e3-4fd5-bb6a-35bbcbc13e51','EXPENSE','Electrician service','USD','a1e1b1d4-30c2-4313-bde4-215c7be04715',NULL),
('f14417c8-bb95-4315-b3da-932205ba6c51',203.16,'c6adf7be-c5e3-49a7-9e9b-0e1f9d2ae786','2025-04-21 02:55:45','80f246c4-8be8-40ea-aad7-0f155c815a64','TRANSFER','Shoes','USD','d4b4e407-63f5-7646-efe7-548f0ef37a48','b2f2c2e5-41d3-5424-cfe5-326d8cf15826'),
('38c081c8-e5c5-4fb4-83c2-fb7eb11fdb39',980.54,'c6adf7be-c5e3-49a7-9e9b-0e1f9d2ae786','2025-03-26 21:52:45','ac6a9441-2d67-4416-90aa-3b9ee6e5e144','EXPENSE','Adoption fee','USD','c3a3d3f6-52e4-6535-dfe6-437e9df26937',NULL),
('66067fbc-3b6a-44c9-ae2a-3aa9d181816e',365.65,'c6adf7be-c5e3-49a7-9e9b-0e1f9d2ae786','2025-05-25 18:29:45','ff41c66e-5ff4-4c0d-b3a7-334b8c4271d5','EXPENSE','Theater ticket','USD','b2f2c2e5-41d3-5424-cfe5-326d8cf15826',NULL),
('00df8498-1790-4c05-921b-eef6c60c0b22',866.46,'c6adf7be-c5e3-49a7-9e9b-0e1f9d2ae786','2025-05-14 11:52:45','00a7e3e8-e042-40b9-9a25-3a6eb3fd3097','TRANSFER','Shaving kit','USD','c3a3d3f6-52e4-6535-dfe6-437e9df26937','e03e18d2-bdbf-4f96-9b5e-cc2c6d97c80c'),
('c4f869c4-9f1b-475d-9704-ec484ca899dc',290.75,'c6adf7be-c5e3-49a7-9e9b-0e1f9d2ae786','2025-03-10 21:10:45','4a2a01db-ec30-4b34-97a1-8b2f0556a222','INCOME','Appliance purchase','USD',NULL,'b2f2c2e5-41d3-5424-cfe5-326d8cf15826'),
('fadcc6c7-3bf8-4cfe-bfd4-bd9a844500f4',702.2,'c6adf7be-c5e3-49a7-9e9b-0e1f9d2ae786','2025-03-06 05:57:45','4d414573-3b45-4b22-bb4c-01d348378b5d','TRANSFER','Commission','USD','e03e18d2-bdbf-4f96-9b5e-cc2c6d97c80c','a1e1b1d4-30c2-4313-bde4-215c7be04715'),
('185539cb-5c45-48a2-9853-69625c3d7348',845.66,'c6adf7be-c5e3-49a7-9e9b-0e1f9d2ae786','2025-03-09 21:57:45','b6ef6b15-c2e3-4fd5-bb6a-35bbcbc13e51','INCOME','Prescription','USD',NULL,'a1e1b1d4-30c2-4313-bde4-215c7be04715'),
('3c4058c6-3fc5-40ed-83e9-1bbc40f2d58d',343.57,'c6adf7be-c5e3-49a7-9e9b-0e1f9d2ae786','2025-05-05 23:57:45','c79a9c62-65c5-4c47-86f1-8a51b8eabdbb','INCOME','Bus fare','USD',NULL,'b2f2c2e5-41d3-5424-cfe5-326d8cf15826'),
('31f4b5b4-e951-4e18-8d2e-a03b21392824',442.05,'c6adf7be-c5e3-49a7-9e9b-0e1f9d2ae786','2025-05-02 17:36:45','4b1e0ad3-0d8a-4f8a-b93e-cb2e2aee5b0b','TRANSFER','Burger joint','USD','d4b4e407-63f5-7646-efe7-548f0ef37a48','a1e1b1d4-30c2-4313-bde4-215c7be04715'),
('6da371c8-7043-4f61-8330-2f2faeab8c60',509.08,'c6adf7be-c5e3-49a7-9e9b-0e1f9d2ae786','2025-05-06 23:09:45','db73bb60-f9d8-40c3-84a5-4f1bdb62bc27','TRANSFER','Personal hygiene','USD','d4b4e407-63f5-7646-efe7-548f0ef37a48','e03e18d2-bdbf-4f96-9b5e-cc2c6d97c80c'),
('d0bad69e-632d-4a8d-84a7-e9810a232fe4',551.8,'c6adf7be-c5e3-49a7-9e9b-0e1f9d2ae786','2025-05-22 03:22:45','ac6a9441-2d67-4416-90aa-3b9ee6e5e144','EXPENSE','Museum entry','USD','c3a3d3f6-52e4-6535-dfe6-437e9df26937',NULL),
('23b4f6d0-8135-49a0-8e18-e7dbd61228f3',156.69,'c6adf7be-c5e3-49a7-9e9b-0e1f9d2ae786','2025-05-13 08:55:45','b6ef6b15-c2e3-4fd5-bb6a-35bbcbc13e51','INCOME','Bakery','USD',NULL,'a1e1b1d4-30c2-4313-bde4-215c7be04715'),
('7db27bb4-c23f-4a87-8a83-e4aad24c9f2c',718.57,'c6adf7be-c5e3-49a7-9e9b-0e1f9d2ae786','2025-04-07 22:56:45','db73bb60-f9d8-40c3-84a5-4f1bdb62bc27','EXPENSE','Dentist appointment','USD','c3a3d3f6-52e4-6535-dfe6-437e9df26937',NULL),
('8881027b-d8b3-4b11-b728-cefb86abd951',517.85,'c6adf7be-c5e3-49a7-9e9b-0e1f9d2ae786','2025-04-14 23:13:45','99a013c5-3346-44e7-9cb9-4b3e5e00271b','INCOME','Theme park','USD',NULL,'e03e18d2-bdbf-4f96-9b5e-cc2c6d97c80c'),
('1f949b11-0c73-479e-8b4c-0c06d5b297e5',595.33,'c6adf7be-c5e3-49a7-9e9b-0e1f9d2ae786','2025-05-06 16:21:45','3d405321-87be-4e89-b57e-fbfa9579f15d','TRANSFER','Beer','USD','c3a3d3f6-52e4-6535-dfe6-437e9df26937','b2f2c2e5-41d3-5424-cfe5-326d8cf15826'),
('97d4f5ca-46ec-4ca6-a40e-5d9af3c918d3',36.24,'c6adf7be-c5e3-49a7-9e9b-0e1f9d2ae786','2025-04-03 16:54:45','ac6a9441-2d67-4416-90aa-3b9ee6e5e144','INCOME','Takeout','USD',NULL,'e03e18d2-bdbf-4f96-9b5e-cc2c6d97c80c'),
('27e0b107-b4c2-4287-8c76-903bbe577ded',265.96,'c6adf7be-c5e3-49a7-9e9b-0e1f9d2ae786','2025-04-19 13:32:45','b6ef6b15-c2e3-4fd5-bb6a-35bbcbc13e51','TRANSFER','Lunch','USD','c3a3d3f6-52e4-6535-dfe6-437e9df26937','d4b4e407-63f5-7646-efe7-548f0ef37a48'),
('a57d6edb-9a9c-4dae-b039-cc2b68cabe0c',619.38,'c6adf7be-c5e3-49a7-9e9b-0e1f9d2ae786','2025-03-15 09:47:45','260b5fc8-00f4-46a6-9ecf-986e37c0d7e0','INCOME','Yoga class','USD',NULL,'a1e1b1d4-30c2-4313-bde4-215c7be04715'),
('1d5e0cdd-7f0d-4517-859f-81d51381287c',241.31,'c6adf7be-c5e3-49a7-9e9b-0e1f9d2ae786','2025-05-16 03:43:45','a285d771-01d2-4055-9b42-cc54f9a4b2f1','INCOME','Political donation','USD',NULL,'d4b4e407-63f5-7646-efe7-548f0ef37a48'),
('a400177a-e11d-47ac-9986-87f11cd2e2be',307.78,'c6adf7be-c5e3-49a7-9e9b-0e1f9d2ae786','2025-03-12 02:43:45','b6f0134f-7497-4c5f-b4e8-5d0b2a8b7bc2','EXPENSE','Street food','USD','c3a3d3f6-52e4-6535-dfe6-437e9df26937',NULL),
('8cfde4fc-4d97-4cd4-b3e9-764c6680da75',942.47,'c6adf7be-c5e3-49a7-9e9b-0e1f9d2ae786','2025-05-03 19:10:45','f99e6af1-2b81-4915-a701-3fbc378e1e7b','INCOME','Butcher','USD',NULL,'a1e1b1d4-30c2-4313-bde4-215c7be04715'),
('89057c4c-c774-4f05-a3e9-d79c7cedd176',799.55,'c6adf7be-c5e3-49a7-9e9b-0e1f9d2ae786','2025-05-04 03:05:45','99a013c5-3346-44e7-9cb9-4b3e5e00271b','EXPENSE','Airport shuttle','USD','d4b4e407-63f5-7646-efe7-548f0ef37a48',NULL),
('f5b792d5-837d-427d-ab59-d30e097f1538',641.79,'c6adf7be-c5e3-49a7-9e9b-0e1f9d2ae786','2025-05-08 07:01:45','b6ef6b15-c2e3-4fd5-bb6a-35bbcbc13e51','TRANSFER','Reimbursement','USD','b2f2c2e5-41d3-5424-cfe5-326d8cf15826','a1e1b1d4-30c2-4313-bde4-215c7be04715'),
('9b990c68-b22d-43ac-8a1d-fbf0308b1e98',395.4,'c6adf7be-c5e3-49a7-9e9b-0e1f9d2ae786','2025-05-25 03:44:45','129e13f2-637e-4dc6-bcf7-6e7dbebc13b9','EXPENSE','Shoes','USD','d4b4e407-63f5-7646-efe7-548f0ef37a48',NULL),
('a937b1be-201c-43f2-ae73-f6d03e8799de',765.21,'c6adf7be-c5e3-49a7-9e9b-0e1f9d2ae786','2025-03-09 18:36:45','00a7e3e8-e042-40b9-9a25-3a6eb3fd3097','TRANSFER','Winter jacket','USD','c3a3d3f6-52e4-6535-dfe6-437e9df26937','d4b4e407-63f5-7646-efe7-548f0ef37a48'),
('2bd26e63-23b7-46aa-8be2-c60f25f5adbd',195.92,'c6adf7be-c5e3-49a7-9e9b-0e1f9d2ae786','2025-04-22 18:04:45','b6f0134f-7497-4c5f-b4e8-5d0b2a8b7bc2','TRANSFER','Convenience store','USD','c3a3d3f6-52e4-6535-dfe6-437e9df26937','d4b4e407-63f5-7646-efe7-548f0ef37a48'),
('df25036a-2a9a-4888-9877-de8eed2f3df3',734.28,'c6adf7be-c5e3-49a7-9e9b-0e1f9d2ae786','2025-05-11 12:20:45','4b1e0ad3-0d8a-4f8a-b93e-cb2e2aee5b0b','TRANSFER','Netflix payment','USD','b2f2c2e5-41d3-5424-cfe5-326d8cf15826','c3a3d3f6-52e4-6535-dfe6-437e9df26937'),
('587e0f41-332c-4427-8d9d-df7cdecda505',28.44,'c6adf7be-c5e3-49a7-9e9b-0e1f9d2ae786','2025-05-28 20:13:45','b6ef6b15-c2e3-4fd5-bb6a-35bbcbc13e51','TRANSFER','Reimbursement','USD','d4b4e407-63f5-7646-efe7-548f0ef37a48','e03e18d2-bdbf-4f96-9b5e-cc2c6d97c80c'),
('9b7c2418-79f5-477a-91c1-31b6a035d7c6',370.78,'c6adf7be-c5e3-49a7-9e9b-0e1f9d2ae786','2025-05-25 10:54:45','3d405321-87be-4e89-b57e-fbfa9579f15d','INCOME','Butcher','USD',NULL,'e03e18d2-bdbf-4f96-9b5e-cc2c6d97c80c'),
('c2f06b8e-9fa2-491b-a1d2-cae65a6a98d7',850.94,'c6adf7be-c5e3-49a7-9e9b-0e1f9d2ae786','2025-05-27 00:59:45','b6ef6b15-c2e3-4fd5-bb6a-35bbcbc13e51','INCOME','Fast food','USD',NULL,'b2f2c2e5-41d3-5424-cfe5-326d8cf15826'),
('564955ba-0913-4430-852f-d60fb5cab156',461.15,'c6adf7be-c5e3-49a7-9e9b-0e1f9d2ae786','2025-03-09 20:09:45','ff41c66e-5ff4-4c0d-b3a7-334b8c4271d5','INCOME','Vitamins','USD',NULL,'d4b4e407-63f5-7646-efe7-548f0ef37a48'),
('e93004d5-0592-4604-9a95-05ed004f192d',621.87,'c6adf7be-c5e3-49a7-9e9b-0e1f9d2ae786','2025-05-16 17:44:45','80f246c4-8be8-40ea-aad7-0f155c815a64','EXPENSE','Streaming subscription','USD','a1e1b1d4-30c2-4313-bde4-215c7be04715',NULL),
('788bbbac-bb28-4257-9924-74b83276381f',570.32,'c6adf7be-c5e3-49a7-9e9b-0e1f9d2ae786','2025-03-31 03:23:45','4a2a01db-ec30-4b34-97a1-8b2f0556a222','TRANSFER','Beauty products','USD','d4b4e407-63f5-7646-efe7-548f0ef37a48','b2f2c2e5-41d3-5424-cfe5-326d8cf15826'),
('410c6277-63b6-49fe-a8fd-cc81ee1466fb',524.56,'c6adf7be-c5e3-49a7-9e9b-0e1f9d2ae786','2025-04-16 06:38:45','a417a045-686e-4ab6-bbf1-1e5b33d2be93','INCOME','Toll payment','USD',NULL,'e03e18d2-bdbf-4f96-9b5e-cc2c6d97c80c'),
('b2c07237-605a-4022-b968-f12a8bc2bc16',792.54,'c6adf7be-c5e3-49a7-9e9b-0e1f9d2ae786','2025-04-30 03:41:45','4d414573-3b45-4b22-bb4c-01d348378b5d','EXPENSE','Mobile phone','USD','c3a3d3f6-52e4-6535-dfe6-437e9df26937',NULL),
('56316129-e168-4222-96c7-647a5f4edcf4',89.03,'c6adf7be-c5e3-49a7-9e9b-0e1f9d2ae786','2025-04-10 08:11:45','99a013c5-3346-44e7-9cb9-4b3e5e00271b','TRANSFER','Partial refund','USD','c3a3d3f6-52e4-6535-dfe6-437e9df26937','e03e18d2-bdbf-4f96-9b5e-cc2c6d97c80c'),
('a9c3ae26-a467-4ec7-a053-b7cef054980d',950.88,'c6adf7be-c5e3-49a7-9e9b-0e1f9d2ae786','2025-05-13 02:38:45','80f246c4-8be8-40ea-aad7-0f155c815a64','TRANSFER','Hotel booking','USD','d4b4e407-63f5-7646-efe7-548f0ef37a48','b2f2c2e5-41d3-5424-cfe5-326d8cf15826'),
('27d9c289-805e-4d5e-860e-a49fb4c6779f',79.46,'c6adf7be-c5e3-49a7-9e9b-0e1f9d2ae786','2025-04-24 19:47:45','4a2a01db-ec30-4b34-97a1-8b2f0556a222','EXPENSE','Petrol','USD','b2f2c2e5-41d3-5424-cfe5-326d8cf15826',NULL),
('cca3d2d4-11ad-4233-a893-e473c80880c4',791.69,'c6adf7be-c5e3-49a7-9e9b-0e1f9d2ae786','2025-03-08 17:53:45','a285d771-01d2-4055-9b42-cc54f9a4b2f1','INCOME','Airport shuttle','USD',NULL,'c3a3d3f6-52e4-6535-dfe6-437e9df26937'),
('e8df8eae-5b34-415f-beed-510d0adae1be',539.63,'c6adf7be-c5e3-49a7-9e9b-0e1f9d2ae786','2025-04-20 22:00:45','129e13f2-637e-4dc6-bcf7-6e7dbebc13b9','EXPENSE','Dentist appointment','USD','b2f2c2e5-41d3-5424-cfe5-326d8cf15826',NULL),
('ce0883b6-0858-4ff3-9476-878ceb33bb60',811.95,'c6adf7be-c5e3-49a7-9e9b-0e1f9d2ae786','2025-03-04 08:48:45','c79a9c62-65c5-4c47-86f1-8a51b8eabdbb','EXPENSE','Rental income','USD','d4b4e407-63f5-7646-efe7-548f0ef37a48',NULL),
('19321e7d-c97d-4e5c-87f9-e0d2eeb70847',385.17,'c6adf7be-c5e3-49a7-9e9b-0e1f9d2ae786','2025-03-19 15:05:45','80f246c4-8be8-40ea-aad7-0f155c815a64','TRANSFER','Laptop','USD','a1e1b1d4-30c2-4313-bde4-215c7be04715','b2f2c2e5-41d3-5424-cfe5-326d8cf15826'),
('c1902d86-cfaa-47a2-860c-1424fb9ca6dc',893.34,'c6adf7be-c5e3-49a7-9e9b-0e1f9d2ae786','2025-05-13 14:30:45','129e13f2-637e-4dc6-bcf7-6e7dbebc13b9','INCOME','Laundry','USD',NULL,'a1e1b1d4-30c2-4313-bde4-215c7be04715'),
('96e20429-f24f-448d-8012-16c7378edb9f',241.58,'c6adf7be-c5e3-49a7-9e9b-0e1f9d2ae786','2025-04-26 08:57:45','a417a045-686e-4ab6-bbf1-1e5b33d2be93','TRANSFER','Tax refund','USD','a1e1b1d4-30c2-4313-bde4-215c7be04715','c3a3d3f6-52e4-6535-dfe6-437e9df26937'),
('d47477f1-9c04-4e8a-9f2b-27768ab99c62',395.5,'c6adf7be-c5e3-49a7-9e9b-0e1f9d2ae786','2025-05-31 08:17:45','f99e6af1-2b81-4915-a701-3fbc378e1e7b','INCOME','Fruit store','USD',NULL,'c3a3d3f6-52e4-6535-dfe6-437e9df26937'),
('d4a028b1-20af-41ba-949b-c8e198876598',124.64,'c6adf7be-c5e3-49a7-9e9b-0e1f9d2ae786','2025-05-29 04:45:45','129e13f2-637e-4dc6-bcf7-6e7dbebc13b9','EXPENSE','Fish market','USD','b2f2c2e5-41d3-5424-cfe5-326d8cf15826',NULL),
('af7b1e5c-238f-445e-95ab-f34e2d215261',662.09,'c6adf7be-c5e3-49a7-9e9b-0e1f9d2ae786','2025-03-25 19:14:45','db73bb60-f9d8-40c3-84a5-4f1bdb62bc27','EXPENSE','Service fee','USD','b2f2c2e5-41d3-5424-cfe5-326d8cf15826',NULL),
('2e49650e-4be9-47da-b7ae-a1c22a44f54f',657.42,'c6adf7be-c5e3-49a7-9e9b-0e1f9d2ae786','2025-03-18 23:53:45','ac6a9441-2d67-4416-90aa-3b9ee6e5e144','INCOME','Contact lenses','USD',NULL,'c3a3d3f6-52e4-6535-dfe6-437e9df26937'),
('b59df3a4-2af9-4372-8884-412d2827bdaf',729.72,'c6adf7be-c5e3-49a7-9e9b-0e1f9d2ae786','2025-04-17 19:24:45','b6f0134f-7497-4c5f-b4e8-5d0b2a8b7bc2','INCOME','Curtains','USD',NULL,'d4b4e407-63f5-7646-efe7-548f0ef37a48'),
('23fce73a-65d9-4801-b085-ac62dbc826ae',398.92,'c6adf7be-c5e3-49a7-9e9b-0e1f9d2ae786','2025-03-26 18:06:45','99a013c5-3346-44e7-9cb9-4b3e5e00271b','INCOME','Pet care','USD',NULL,'a1e1b1d4-30c2-4313-bde4-215c7be04715'),
('fb80c1e0-59ed-4e79-af84-4be39adebf44',933.45,'c6adf7be-c5e3-49a7-9e9b-0e1f9d2ae786','2025-04-05 04:37:45','f99e6af1-2b81-4915-a701-3fbc378e1e7b','EXPENSE','Fruit store','USD','e03e18d2-bdbf-4f96-9b5e-cc2c6d97c80c',NULL),
('926256c0-2761-471e-b800-2b6acbff2cd6',58.36,'c6adf7be-c5e3-49a7-9e9b-0e1f9d2ae786','2025-04-30 07:08:45','129e13f2-637e-4dc6-bcf7-6e7dbebc13b9','INCOME','Shoes','USD',NULL,'a1e1b1d4-30c2-4313-bde4-215c7be04715'),
('c59de571-f4d1-4bf5-bbb4-33ceddb0e35a',404.59,'c6adf7be-c5e3-49a7-9e9b-0e1f9d2ae786','2025-03-28 08:49:45','4d414573-3b45-4b22-bb4c-01d348378b5d','EXPENSE','Amazon Prime','USD','c3a3d3f6-52e4-6535-dfe6-437e9df26937',NULL),
('e4077117-7904-437b-9c7c-5e884f833f69',596.53,'c6adf7be-c5e3-49a7-9e9b-0e1f9d2ae786','2025-04-05 16:44:45','ac6a9441-2d67-4416-90aa-3b9ee6e5e144','INCOME','Account top-up','USD',NULL,'a1e1b1d4-30c2-4313-bde4-215c7be04715'),
('462092c2-ed9d-4239-9dc8-930cd2e5365b',626.37,'c6adf7be-c5e3-49a7-9e9b-0e1f9d2ae786','2025-05-05 08:00:45','ff41c66e-5ff4-4c0d-b3a7-334b8c4271d5','TRANSFER','Adoption fee','USD','a1e1b1d4-30c2-4313-bde4-215c7be04715','e03e18d2-bdbf-4f96-9b5e-cc2c6d97c80c'),
('5e5a0338-9478-442c-ad0b-e3d3a2ade404',291.49,'c6adf7be-c5e3-49a7-9e9b-0e1f9d2ae786','2025-04-23 00:38:45','99a013c5-3346-44e7-9cb9-4b3e5e00271b','INCOME','Crowdfunding','USD',NULL,'a1e1b1d4-30c2-4313-bde4-215c7be04715'),
('0b28d101-3fb8-4ad0-b401-6816eaa5e24f',973.36,'c6adf7be-c5e3-49a7-9e9b-0e1f9d2ae786','2025-04-16 22:19:45','e39cf8e8-b99b-4650-928d-cf89f74e4203','INCOME','Supermarket','USD',NULL,'e03e18d2-bdbf-4f96-9b5e-cc2c6d97c80c'),
('b39076d3-f1f0-4955-ae81-0070a999c93a',98.1,'c6adf7be-c5e3-49a7-9e9b-0e1f9d2ae786','2025-04-08 15:41:45','4d414573-3b45-4b22-bb4c-01d348378b5d','INCOME','Dry cleaning','USD',NULL,'c3a3d3f6-52e4-6535-dfe6-437e9df26937'),
('4ad72941-c98b-4b46-aebc-4b0ce1920f4d',904.49,'c6adf7be-c5e3-49a7-9e9b-0e1f9d2ae786','2025-04-06 06:06:45','b6f0134f-7497-4c5f-b4e8-5d0b2a8b7bc2','EXPENSE','Commission','USD','c3a3d3f6-52e4-6535-dfe6-437e9df26937',NULL),
('630efca6-50c7-400e-98be-99a881ad6022',892.61,'c6adf7be-c5e3-49a7-9e9b-0e1f9d2ae786','2025-04-05 20:52:45','ff41c66e-5ff4-4c0d-b3a7-334b8c4271d5','EXPENSE','Medicine','USD','d4b4e407-63f5-7646-efe7-548f0ef37a48',NULL),
('77038a2f-533b-4787-ad5e-29d187e45aaf',493.67,'c6adf7be-c5e3-49a7-9e9b-0e1f9d2ae786','2025-05-22 11:41:45','ff41c66e-5ff4-4c0d-b3a7-334b8c4271d5','TRANSFER','Coffee','USD','a1e1b1d4-30c2-4313-bde4-215c7be04715','e03e18d2-bdbf-4f96-9b5e-cc2c6d97c80c'),
('37de4929-c69c-42e1-a40d-2c78b4dad6e2',938.67,'c6adf7be-c5e3-49a7-9e9b-0e1f9d2ae786','2025-05-23 18:48:45','ff41c66e-5ff4-4c0d-b3a7-334b8c4271d5','EXPENSE','Crowdfunding','USD','c3a3d3f6-52e4-6535-dfe6-437e9df26937',NULL),
('34c2e44c-43de-4c40-8d06-2cb4a44a4521',521.71,'c6adf7be-c5e3-49a7-9e9b-0e1f9d2ae786','2025-03-17 15:20:45','c79a9c62-65c5-4c47-86f1-8a51b8eabdbb','EXPENSE','Tax refund','USD','e03e18d2-bdbf-4f96-9b5e-cc2c6d97c80c',NULL),
('30988eff-8d2b-427a-bd78-5ebf12017b9d',817.38,'c6adf7be-c5e3-49a7-9e9b-0e1f9d2ae786','2025-04-17 08:21:45','00a7e3e8-e042-40b9-9a25-3a6eb3fd3097','EXPENSE','Groceries','USD','c3a3d3f6-52e4-6535-dfe6-437e9df26937',NULL),
('c5731ce2-4b1e-408c-aa9b-089676460bda',999.92,'c6adf7be-c5e3-49a7-9e9b-0e1f9d2ae786','2025-04-10 07:04:45','9c0f6e10-3cd1-4940-b2ee-419f10f7fd9c','INCOME','Pet food','USD',NULL,'d4b4e407-63f5-7646-efe7-548f0ef37a48'),
('744e9725-70fd-43ef-a6ea-632e0c02fa3f',609.06,'c6adf7be-c5e3-49a7-9e9b-0e1f9d2ae786','2025-03-10 12:22:45','4d414573-3b45-4b22-bb4c-01d348378b5d','EXPENSE','Electronics','USD','d4b4e407-63f5-7646-efe7-548f0ef37a48',NULL),
('3e10ff3a-cb04-4324-be54-c0f0f0ce3ce2',404.58,'c6adf7be-c5e3-49a7-9e9b-0e1f9d2ae786','2025-05-12 11:21:45','4b1e0ad3-0d8a-4f8a-b93e-cb2e2aee5b0b','INCOME','Groceries','USD',NULL,'b2f2c2e5-41d3-5424-cfe5-326d8cf15826'),
('60c4f3f7-9fba-4256-b4c6-5b1abb932149',354.66,'c6adf7be-c5e3-49a7-9e9b-0e1f9d2ae786','2025-03-16 23:37:45','a417a045-686e-4ab6-bbf1-1e5b33d2be93','EXPENSE','Wine','USD','c3a3d3f6-52e4-6535-dfe6-437e9df26937',NULL),
('843c4b84-7def-4768-ba1a-80174e60ae5a',937.38,'c6adf7be-c5e3-49a7-9e9b-0e1f9d2ae786','2025-04-23 02:00:45','c79a9c62-65c5-4c47-86f1-8a51b8eabdbb','INCOME','Mobile recharge','USD',NULL,'c3a3d3f6-52e4-6535-dfe6-437e9df26937'),
('bc7c23ec-d900-4b6a-a21e-efd8b4e08179',764.8,'c6adf7be-c5e3-49a7-9e9b-0e1f9d2ae786','2025-04-26 06:37:45','a285d771-01d2-4055-9b42-cc54f9a4b2f1','TRANSFER','Taxi','USD','e03e18d2-bdbf-4f96-9b5e-cc2c6d97c80c','d4b4e407-63f5-7646-efe7-548f0ef37a48'),
('3cf94272-2077-4cfa-a85d-6b67d17668a4',109.57,'c6adf7be-c5e3-49a7-9e9b-0e1f9d2ae786','2025-04-14 03:50:45','a417a045-686e-4ab6-bbf1-1e5b33d2be93','TRANSFER','Garden supplies','USD','c3a3d3f6-52e4-6535-dfe6-437e9df26937','e03e18d2-bdbf-4f96-9b5e-cc2c6d97c80c'),
('c6040a56-23f1-4f10-aead-2b9540248350',980.27,'c6adf7be-c5e3-49a7-9e9b-0e1f9d2ae786','2025-05-24 16:51:45','99a013c5-3346-44e7-9cb9-4b3e5e00271b','INCOME','Commission','USD',NULL,'e03e18d2-bdbf-4f96-9b5e-cc2c6d97c80c'),
('eb5a418c-c545-41f7-b2e3-103960d7db5d',463.21,'c6adf7be-c5e3-49a7-9e9b-0e1f9d2ae786','2025-05-29 03:41:45','260b5fc8-00f4-46a6-9ecf-986e37c0d7e0','TRANSFER','Fruit store','USD','e03e18d2-bdbf-4f96-9b5e-cc2c6d97c80c','b2f2c2e5-41d3-5424-cfe5-326d8cf15826'),
('01e2f2d0-5216-472e-87e3-163d3264d29a',324.79,'c6adf7be-c5e3-49a7-9e9b-0e1f9d2ae786','2025-03-15 04:29:45','c79a9c62-65c5-4c47-86f1-8a51b8eabdbb','EXPENSE','Reimbursement','USD','d4b4e407-63f5-7646-efe7-548f0ef37a48',NULL),
('0913c782-e4ef-489d-8c42-6a35e51ddecc',812.22,'c6adf7be-c5e3-49a7-9e9b-0e1f9d2ae786','2025-03-07 04:20:45','3d405321-87be-4e89-b57e-fbfa9579f15d','INCOME','Account top-up','USD',NULL,'d4b4e407-63f5-7646-efe7-548f0ef37a48'),
('05f0e48a-e613-4219-96d0-f315265c0fd4',411.37,'c6adf7be-c5e3-49a7-9e9b-0e1f9d2ae786','2025-03-04 22:04:45','00a7e3e8-e042-40b9-9a25-3a6eb3fd3097','EXPENSE','Wearables','USD','a1e1b1d4-30c2-4313-bde4-215c7be04715',NULL),
('d869ccf3-31b4-47b2-a53d-bf8944816e21',667.82,'c6adf7be-c5e3-49a7-9e9b-0e1f9d2ae786','2025-05-30 08:03:45','3d405321-87be-4e89-b57e-fbfa9579f15d','INCOME','Groceries','USD',NULL,'a1e1b1d4-30c2-4313-bde4-215c7be04715'),
('337a3595-1ebf-4930-aec4-8cb85bda7e85',426.63,'c6adf7be-c5e3-49a7-9e9b-0e1f9d2ae786','2025-05-24 00:59:45','a285d771-01d2-4055-9b42-cc54f9a4b2f1','EXPENSE','Life insurance','USD','b2f2c2e5-41d3-5424-cfe5-326d8cf15826',NULL),
('6ff78d03-e0a9-49a3-b124-cdf7b5e6bd1d',207.23,'c6adf7be-c5e3-49a7-9e9b-0e1f9d2ae786','2025-05-31 01:01:45','a285d771-01d2-4055-9b42-cc54f9a4b2f1','TRANSFER','Mobile recharge','USD','d4b4e407-63f5-7646-efe7-548f0ef37a48','a1e1b1d4-30c2-4313-bde4-215c7be04715'),
('ad0dbac5-f5df-42e3-86a4-1374550d007f',325.02,'c6adf7be-c5e3-49a7-9e9b-0e1f9d2ae786','2025-04-27 20:06:45','9c0f6e10-3cd1-4940-b2ee-419f10f7fd9c','INCOME','Health insurance','USD',NULL,'e03e18d2-bdbf-4f96-9b5e-cc2c6d97c80c'),
('6b487590-af81-41a9-b998-c68643d68d43',531.76,'c6adf7be-c5e3-49a7-9e9b-0e1f9d2ae786','2025-04-04 05:53:45','f99e6af1-2b81-4915-a701-3fbc378e1e7b','EXPENSE','Mobile phone','USD','c3a3d3f6-52e4-6535-dfe6-437e9df26937',NULL),
('924cbc11-fa7d-45be-b087-b3a594dc7386',295.7,'c6adf7be-c5e3-49a7-9e9b-0e1f9d2ae786','2025-05-07 09:39:45','9c0f6e10-3cd1-4940-b2ee-419f10f7fd9c','INCOME','Miscellaneous','USD',NULL,'e03e18d2-bdbf-4f96-9b5e-cc2c6d97c80c'),
('babb4d60-455a-4dbd-8c35-09e904d201d8',552.62,'c6adf7be-c5e3-49a7-9e9b-0e1f9d2ae786','2025-03-11 02:44:45','9c0f6e10-3cd1-4940-b2ee-419f10f7fd9c','EXPENSE','Utilities','USD','b2f2c2e5-41d3-5424-cfe5-326d8cf15826',NULL),
('42824467-8d05-4f1b-8ff6-999538a33e17',777.42,'c6adf7be-c5e3-49a7-9e9b-0e1f9d2ae786','2025-05-05 16:15:45','a417a045-686e-4ab6-bbf1-1e5b33d2be93','TRANSFER','Petrol','USD','b2f2c2e5-41d3-5424-cfe5-326d8cf15826','d4b4e407-63f5-7646-efe7-548f0ef37a48'),
('09ff18ed-9fea-4c58-9ab0-f6134e5a4e33',132.74,'c6adf7be-c5e3-49a7-9e9b-0e1f9d2ae786','2025-05-31 23:32:45','a285d771-01d2-4055-9b42-cc54f9a4b2f1','INCOME','Movie night','USD',NULL,'c3a3d3f6-52e4-6535-dfe6-437e9df26937'),
('e8e52011-23f6-47c8-8414-24fc0491fb46',687.77,'c6adf7be-c5e3-49a7-9e9b-0e1f9d2ae786','2025-04-27 01:55:45','00a7e3e8-e042-40b9-9a25-3a6eb3fd3097','TRANSFER','Wire transfer','USD','a1e1b1d4-30c2-4313-bde4-215c7be04715','b2f2c2e5-41d3-5424-cfe5-326d8cf15826'),
('4c9e937f-0b30-49ec-b1e4-d4aa22dc40fe',94.25,'c6adf7be-c5e3-49a7-9e9b-0e1f9d2ae786','2025-05-28 05:30:45','b6ef6b15-c2e3-4fd5-bb6a-35bbcbc13e51','EXPENSE','Water bill','USD','c3a3d3f6-52e4-6535-dfe6-437e9df26937',NULL),
('6d06a0ff-3c3b-403f-88df-db876a3c8001',281.67,'c6adf7be-c5e3-49a7-9e9b-0e1f9d2ae786','2025-05-31 22:52:45','99a013c5-3346-44e7-9cb9-4b3e5e00271b','EXPENSE','Online shopping','USD','a1e1b1d4-30c2-4313-bde4-215c7be04715',NULL),
('e3afbdc5-56e0-4256-88c0-45b066b537fa',329.91,'c6adf7be-c5e3-49a7-9e9b-0e1f9d2ae786','2025-04-18 14:17:45','e39cf8e8-b99b-4650-928d-cf89f74e4203','EXPENSE','Convenience store','USD','a1e1b1d4-30c2-4313-bde4-215c7be04715',NULL),
('3336b94d-0b44-4a4c-9f40-d17452b09ccd',383.32,'c6adf7be-c5e3-49a7-9e9b-0e1f9d2ae786','2025-05-09 17:06:45','c79a9c62-65c5-4c47-86f1-8a51b8eabdbb','EXPENSE','Ice cream','USD','c3a3d3f6-52e4-6535-dfe6-437e9df26937',NULL),
('93fff05d-af49-4d32-afe0-6b8be926f904',540.13,'c6adf7be-c5e3-49a7-9e9b-0e1f9d2ae786','2025-05-01 16:38:45','4a2a01db-ec30-4b34-97a1-8b2f0556a222','TRANSFER','Haircut','USD','a1e1b1d4-30c2-4313-bde4-215c7be04715','b2f2c2e5-41d3-5424-cfe5-326d8cf15826'),
('f014c9cf-c0f5-4fe7-9f7c-fbec63a663ed',516.98,'c6adf7be-c5e3-49a7-9e9b-0e1f9d2ae786','2025-04-07 23:04:45','4b1e0ad3-0d8a-4f8a-b93e-cb2e2aee5b0b','EXPENSE','Doctor visit','USD','e03e18d2-bdbf-4f96-9b5e-cc2c6d97c80c',NULL),
('50dcede5-1322-460f-9eee-b1833fab1611',87.04,'c6adf7be-c5e3-49a7-9e9b-0e1f9d2ae786','2025-05-02 20:51:45','f99e6af1-2b81-4915-a701-3fbc378e1e7b','EXPENSE','Home insurance','USD','b2f2c2e5-41d3-5424-cfe5-326d8cf15826',NULL),
('0159842b-d868-4d44-9782-b44836e3c671',567.59,'c6adf7be-c5e3-49a7-9e9b-0e1f9d2ae786','2025-03-20 16:39:45','00a7e3e8-e042-40b9-9a25-3a6eb3fd3097','TRANSFER','Bakery','USD','e03e18d2-bdbf-4f96-9b5e-cc2c6d97c80c','a1e1b1d4-30c2-4313-bde4-215c7be04715'),
('185d7ffe-61cd-4753-af96-ac4ef8eaef59',130.12,'c6adf7be-c5e3-49a7-9e9b-0e1f9d2ae786','2025-05-28 06:40:45','00a7e3e8-e042-40b9-9a25-3a6eb3fd3097','EXPENSE','Cheque deposit','USD','e03e18d2-bdbf-4f96-9b5e-cc2c6d97c80c',NULL),
('21a2c03c-08f9-4ef5-a53a-0ab721d67c39',670.36,'c6adf7be-c5e3-49a7-9e9b-0e1f9d2ae786','2025-03-28 01:50:45','129e13f2-637e-4dc6-bcf7-6e7dbebc13b9','EXPENSE','Therapist','USD','c3a3d3f6-52e4-6535-dfe6-437e9df26937',NULL),
('5c505611-2ec4-490e-aef5-5b43d73f7f1b',298.72,'c6adf7be-c5e3-49a7-9e9b-0e1f9d2ae786','2025-04-27 04:29:45','e39cf8e8-b99b-4650-928d-cf89f74e4203','TRANSFER','School supplies','USD','d4b4e407-63f5-7646-efe7-548f0ef37a48','e03e18d2-bdbf-4f96-9b5e-cc2c6d97c80c'),
('1c638b67-7bb0-4ce5-be98-67a98e1e32ab',160.6,'c6adf7be-c5e3-49a7-9e9b-0e1f9d2ae786','2025-03-08 21:12:45','ff41c66e-5ff4-4c0d-b3a7-334b8c4271d5','INCOME','Appliance purchase','USD',NULL,'a1e1b1d4-30c2-4313-bde4-215c7be04715'),
('d87b596d-83f5-4aa5-aeb3-e632135b5757',791.18,'c6adf7be-c5e3-49a7-9e9b-0e1f9d2ae786','2025-03-24 19:31:45','ac6a9441-2d67-4416-90aa-3b9ee6e5e144','EXPENSE','Scholarship','USD','a1e1b1d4-30c2-4313-bde4-215c7be04715',NULL),
('789ad921-5160-401b-afcc-a7897b6169c9',917.76,'c6adf7be-c5e3-49a7-9e9b-0e1f9d2ae786','2025-05-11 12:48:45','ac6a9441-2d67-4416-90aa-3b9ee6e5e144','EXPENSE','Birthday present','USD','d4b4e407-63f5-7646-efe7-548f0ef37a48',NULL),
('55688048-b0b1-4d06-8d83-2abcbd749460',390.97,'c6adf7be-c5e3-49a7-9e9b-0e1f9d2ae786','2025-04-02 21:52:45','260b5fc8-00f4-46a6-9ecf-986e37c0d7e0','INCOME','Eye checkup','USD',NULL,'c3a3d3f6-52e4-6535-dfe6-437e9df26937'),
('9f4ff884-10a5-4811-bc30-504d7e9a1432',967.59,'c6adf7be-c5e3-49a7-9e9b-0e1f9d2ae786','2025-05-12 11:52:45','4a2a01db-ec30-4b34-97a1-8b2f0556a222','INCOME','Cash withdrawal','USD',NULL,'d4b4e407-63f5-7646-efe7-548f0ef37a48'),
('b5414e85-1080-4c32-892f-4d832a1077e9',870.29,'c6adf7be-c5e3-49a7-9e9b-0e1f9d2ae786','2025-04-11 10:27:45','b6ef6b15-c2e3-4fd5-bb6a-35bbcbc13e51','TRANSFER','School fees','USD','c3a3d3f6-52e4-6535-dfe6-437e9df26937','a1e1b1d4-30c2-4313-bde4-215c7be04715'),
('ac5da7cc-783e-4f22-83ae-c4e94b6692ce',649.1,'c6adf7be-c5e3-49a7-9e9b-0e1f9d2ae786','2025-05-21 07:59:45','80f246c4-8be8-40ea-aad7-0f155c815a64','TRANSFER','Part-time job','USD','b2f2c2e5-41d3-5424-cfe5-326d8cf15826','e03e18d2-bdbf-4f96-9b5e-cc2c6d97c80c'),
('67f681b7-751b-459f-8e76-f16ce29becd7',359.06,'c6adf7be-c5e3-49a7-9e9b-0e1f9d2ae786','2025-03-16 14:08:45','9c0f6e10-3cd1-4940-b2ee-419f10f7fd9c','TRANSFER','Prescription','USD','c3a3d3f6-52e4-6535-dfe6-437e9df26937','b2f2c2e5-41d3-5424-cfe5-326d8cf15826'),
('7e8cfab3-4fcd-4b8d-8ddb-a7a411300662',87.87,'c6adf7be-c5e3-49a7-9e9b-0e1f9d2ae786','2025-05-28 20:55:45','80f246c4-8be8-40ea-aad7-0f155c815a64','EXPENSE','Home repair','USD','c3a3d3f6-52e4-6535-dfe6-437e9df26937',NULL),
('98a9e91f-1653-4e34-b506-128fa5a899e4',948.72,'c6adf7be-c5e3-49a7-9e9b-0e1f9d2ae786','2025-03-10 23:48:45','b6f0134f-7497-4c5f-b4e8-5d0b2a8b7bc2','TRANSFER','Shampoo','USD','d4b4e407-63f5-7646-efe7-548f0ef37a48','a1e1b1d4-30c2-4313-bde4-215c7be04715'),
('3d22bed4-0d6a-4e8c-b68e-de378ee780d0',955.69,'c6adf7be-c5e3-49a7-9e9b-0e1f9d2ae786','2025-03-11 19:21:45','ac6a9441-2d67-4416-90aa-3b9ee6e5e144','INCOME','Magazine subscription','USD',NULL,'b2f2c2e5-41d3-5424-cfe5-326d8cf15826'),
('626fd7a2-3e68-468d-8915-4528971a3fb4',338.63,'c6adf7be-c5e3-49a7-9e9b-0e1f9d2ae786','2025-03-12 05:04:45','260b5fc8-00f4-46a6-9ecf-986e37c0d7e0','INCOME','Therapist','USD',NULL,'a1e1b1d4-30c2-4313-bde4-215c7be04715'),
('7149bd7c-951a-4447-88eb-ddaffb1970c8',442.42,'c6adf7be-c5e3-49a7-9e9b-0e1f9d2ae786','2025-05-05 21:20:45','ff41c66e-5ff4-4c0d-b3a7-334b8c4271d5','EXPENSE','Investment deposit','USD','c3a3d3f6-52e4-6535-dfe6-437e9df26937',NULL),
('87b9598f-93a2-451a-a241-296c2525c3da',793.73,'c6adf7be-c5e3-49a7-9e9b-0e1f9d2ae786','2025-04-09 13:55:45','4a2a01db-ec30-4b34-97a1-8b2f0556a222','TRANSFER','Fundraiser','USD','a1e1b1d4-30c2-4313-bde4-215c7be04715','c3a3d3f6-52e4-6535-dfe6-437e9df26937'),
('25e8e9a4-80ef-40b8-b909-5802325cedf4',817.44,'c6adf7be-c5e3-49a7-9e9b-0e1f9d2ae786','2025-04-07 18:50:45','ff41c66e-5ff4-4c0d-b3a7-334b8c4271d5','EXPENSE','Commission','USD','b2f2c2e5-41d3-5424-cfe5-326d8cf15826',NULL),
('5daae1a2-e709-4737-8ba4-ae3495ed73eb',726.84,'c6adf7be-c5e3-49a7-9e9b-0e1f9d2ae786','2025-04-30 10:32:45','a417a045-686e-4ab6-bbf1-1e5b33d2be93','EXPENSE','Pet food','USD','a1e1b1d4-30c2-4313-bde4-215c7be04715',NULL),
('34ac79cc-cf2f-45e8-a0f1-d1b20e50e390',833.36,'c6adf7be-c5e3-49a7-9e9b-0e1f9d2ae786','2025-04-05 22:43:45','b6ef6b15-c2e3-4fd5-bb6a-35bbcbc13e51','EXPENSE','Shaving kit','USD','b2f2c2e5-41d3-5424-cfe5-326d8cf15826',NULL),
('bf7f3e39-171c-4e76-8ea7-6479097fbcb4',34.17,'c6adf7be-c5e3-49a7-9e9b-0e1f9d2ae786','2025-04-03 03:31:45','ac6a9441-2d67-4416-90aa-3b9ee6e5e144','EXPENSE','Stationery','USD','c3a3d3f6-52e4-6535-dfe6-437e9df26937',NULL),
('b4732d20-ef30-4342-b46b-90fcba2abbfa',609.16,'c6adf7be-c5e3-49a7-9e9b-0e1f9d2ae786','2025-03-27 16:53:45','9c0f6e10-3cd1-4940-b2ee-419f10f7fd9c','EXPENSE','Gas station','USD','b2f2c2e5-41d3-5424-cfe5-326d8cf15826',NULL),
('b0be0d9e-6ca4-408d-85a9-5f32d076e308',676.89,'c6adf7be-c5e3-49a7-9e9b-0e1f9d2ae786','2025-04-24 16:13:45','ac6a9441-2d67-4416-90aa-3b9ee6e5e144','INCOME','Parking fee','USD',NULL,'e03e18d2-bdbf-4f96-9b5e-cc2c6d97c80c'),
('5aadf7db-6d0f-4d3b-aa17-9d600449adab',199.53,'c6adf7be-c5e3-49a7-9e9b-0e1f9d2ae786','2025-04-06 03:07:45','4a2a01db-ec30-4b34-97a1-8b2f0556a222','INCOME','Chiropractor','USD',NULL,'d4b4e407-63f5-7646-efe7-548f0ef37a48'),
('cca9ad07-1b2f-4be1-979b-97dcadeedac4',800.21,'c6adf7be-c5e3-49a7-9e9b-0e1f9d2ae786','2025-03-30 05:51:45','80f246c4-8be8-40ea-aad7-0f155c815a64','EXPENSE','Yoga class','USD','d4b4e407-63f5-7646-efe7-548f0ef37a48',NULL),
('7b3ddd8f-f6b6-4317-9a33-8d0935de7c45',288.34,'c6adf7be-c5e3-49a7-9e9b-0e1f9d2ae786','2025-03-08 09:11:45','4b1e0ad3-0d8a-4f8a-b93e-cb2e2aee5b0b','TRANSFER','Snacks','USD','c3a3d3f6-52e4-6535-dfe6-437e9df26937','a1e1b1d4-30c2-4313-bde4-215c7be04715'),
('624a8262-35ab-4242-b9ce-a06967edebe5',168.4,'c6adf7be-c5e3-49a7-9e9b-0e1f9d2ae786','2025-03-25 10:01:45','a417a045-686e-4ab6-bbf1-1e5b33d2be93','EXPENSE','Winter jacket','USD','a1e1b1d4-30c2-4313-bde4-215c7be04715',NULL),
('1fb117e4-a956-4ada-ad13-74b006cf665b',630.59,'c6adf7be-c5e3-49a7-9e9b-0e1f9d2ae786','2025-04-27 15:26:45','3d405321-87be-4e89-b57e-fbfa9579f15d','TRANSFER','Spotify subscription','USD','d4b4e407-63f5-7646-efe7-548f0ef37a48','e03e18d2-bdbf-4f96-9b5e-cc2c6d97c80c'),
('6ac8c714-225f-46e0-be1d-df7d8b4e94ee',484.15,'c6adf7be-c5e3-49a7-9e9b-0e1f9d2ae786','2025-05-01 18:32:45','c79a9c62-65c5-4c47-86f1-8a51b8eabdbb','EXPENSE','Cloud storage','USD','a1e1b1d4-30c2-4313-bde4-215c7be04715',NULL),
('0e6cb175-3445-44f2-a948-c27dd3e4dcaa',465.07,'c6adf7be-c5e3-49a7-9e9b-0e1f9d2ae786','2025-03-31 07:06:45','c79a9c62-65c5-4c47-86f1-8a51b8eabdbb','EXPENSE','Overdraft fee','USD','b2f2c2e5-41d3-5424-cfe5-326d8cf15826',NULL),
('e1316fbc-d5ab-45ca-82e0-b9c7eb9b1b4b',929.59,'c6adf7be-c5e3-49a7-9e9b-0e1f9d2ae786','2025-04-04 07:26:45','00a7e3e8-e042-40b9-9a25-3a6eb3fd3097','EXPENSE','Late payment fee','USD','a1e1b1d4-30c2-4313-bde4-215c7be04715',NULL),
('f3d25a8f-0c58-44b3-a99b-0564a48424b7',123.9,'c6adf7be-c5e3-49a7-9e9b-0e1f9d2ae786','2025-03-31 18:22:45','a417a045-686e-4ab6-bbf1-1e5b33d2be93','EXPENSE','Appliance purchase','USD','b2f2c2e5-41d3-5424-cfe5-326d8cf15826',NULL),
('d22e7bc4-d029-4653-bc68-8661eeba4301',639.22,'c6adf7be-c5e3-49a7-9e9b-0e1f9d2ae786','2025-05-10 21:49:45','e39cf8e8-b99b-4650-928d-cf89f74e4203','TRANSFER','Commission','USD','a1e1b1d4-30c2-4313-bde4-215c7be04715','e03e18d2-bdbf-4f96-9b5e-cc2c6d97c80c'),
('f2194e93-6e51-421b-b6ab-9bf8145ac468',762.18,'c6adf7be-c5e3-49a7-9e9b-0e1f9d2ae786','2025-04-24 05:02:45','3d405321-87be-4e89-b57e-fbfa9579f15d','EXPENSE','Jewelry','USD','b2f2c2e5-41d3-5424-cfe5-326d8cf15826',NULL),
('b0c1d3da-45e7-4fd2-a926-7ba029dffa65',411.88,'c6adf7be-c5e3-49a7-9e9b-0e1f9d2ae786','2025-05-10 15:59:45','3d405321-87be-4e89-b57e-fbfa9579f15d','TRANSFER','Groceries','USD','c3a3d3f6-52e4-6535-dfe6-437e9df26937','e03e18d2-bdbf-4f96-9b5e-cc2c6d97c80c'),
('d92fbf41-777e-4235-91e6-53f217ed8582',207.23,'c6adf7be-c5e3-49a7-9e9b-0e1f9d2ae786','2025-05-24 04:22:45','b6f0134f-7497-4c5f-b4e8-5d0b2a8b7bc2','INCOME','Burger joint','USD',NULL,'e03e18d2-bdbf-4f96-9b5e-cc2c6d97c80c'),
('37ee1774-ea72-48ab-aabd-e70e4536beb1',174.1,'c6adf7be-c5e3-49a7-9e9b-0e1f9d2ae786','2025-05-18 05:18:45','e39cf8e8-b99b-4650-928d-cf89f74e4203','INCOME','ATM fee','USD',NULL,'b2f2c2e5-41d3-5424-cfe5-326d8cf15826'),
('2e5a8287-10c5-4596-93a3-381cde7ff50f',614.94,'c6adf7be-c5e3-49a7-9e9b-0e1f9d2ae786','2025-04-16 02:36:45','4d414573-3b45-4b22-bb4c-01d348378b5d','EXPENSE','Home repair','USD','a1e1b1d4-30c2-4313-bde4-215c7be04715',NULL),
('f33bd691-8a8b-4f68-beab-6c894a7d57d6',87.32,'c6adf7be-c5e3-49a7-9e9b-0e1f9d2ae786','2025-04-26 18:28:45','ac6a9441-2d67-4416-90aa-3b9ee6e5e144','EXPENSE','Cocktail','USD','c3a3d3f6-52e4-6535-dfe6-437e9df26937',NULL),
('6ad7085c-b413-4ad6-b505-c0fc00c4b143',628.02,'c6adf7be-c5e3-49a7-9e9b-0e1f9d2ae786','2025-04-06 18:43:45','9c0f6e10-3cd1-4940-b2ee-419f10f7fd9c','EXPENSE','Mobile recharge','USD','a1e1b1d4-30c2-4313-bde4-215c7be04715',NULL),
('fe69386c-aa6e-48c2-bc00-aef94e412d24',678.8,'c6adf7be-c5e3-49a7-9e9b-0e1f9d2ae786','2025-04-16 15:09:45','4b1e0ad3-0d8a-4f8a-b93e-cb2e2aee5b0b','EXPENSE','Pizza night','USD','a1e1b1d4-30c2-4313-bde4-215c7be04715',NULL),
('8e82d4d6-39fb-4468-810c-a360e5ebb2f9',492.65,'c6adf7be-c5e3-49a7-9e9b-0e1f9d2ae786','2025-04-15 19:51:45','129e13f2-637e-4dc6-bcf7-6e7dbebc13b9','EXPENSE','Pizza night','USD','e03e18d2-bdbf-4f96-9b5e-cc2c6d97c80c',NULL),
('7ef4b25e-b298-45f6-ad26-1d1dd8e039cf',862.25,'c6adf7be-c5e3-49a7-9e9b-0e1f9d2ae786','2025-03-07 17:12:45','129e13f2-637e-4dc6-bcf7-6e7dbebc13b9','TRANSFER','Movie night','USD','c3a3d3f6-52e4-6535-dfe6-437e9df26937','e03e18d2-bdbf-4f96-9b5e-cc2c6d97c80c'),
('4ca319e0-98f9-4d36-b48a-206acc4e756b',618.35,'c6adf7be-c5e3-49a7-9e9b-0e1f9d2ae786','2025-05-18 23:16:45','9c0f6e10-3cd1-4940-b2ee-419f10f7fd9c','TRANSFER','Rent payment','USD','d4b4e407-63f5-7646-efe7-548f0ef37a48','c3a3d3f6-52e4-6535-dfe6-437e9df26937'),
('a5ebc385-df52-4c85-8a49-935dba023198',424.81,'c6adf7be-c5e3-49a7-9e9b-0e1f9d2ae786','2025-04-12 19:38:45','260b5fc8-00f4-46a6-9ecf-986e37c0d7e0','INCOME','Tablet','USD',NULL,'e03e18d2-bdbf-4f96-9b5e-cc2c6d97c80c'),
('c8265d86-aa7a-4b2b-8dfa-f9f04e8dcf03',314.88,'c6adf7be-c5e3-49a7-9e9b-0e1f9d2ae786','2025-04-10 02:05:45','e39cf8e8-b99b-4650-928d-cf89f74e4203','TRANSFER','Event','USD','b2f2c2e5-41d3-5424-cfe5-326d8cf15826','a1e1b1d4-30c2-4313-bde4-215c7be04715'),
('a1ba6bcc-0520-458d-9793-99ae342c5325',113.89,'c6adf7be-c5e3-49a7-9e9b-0e1f9d2ae786','2025-03-11 16:20:45','4d414573-3b45-4b22-bb4c-01d348378b5d','TRANSFER','Bank transfer','USD','c3a3d3f6-52e4-6535-dfe6-437e9df26937','e03e18d2-bdbf-4f96-9b5e-cc2c6d97c80c'),
('da7d1af6-b8b8-45e8-8f5a-36cd714ed9d6',559.9,'c6adf7be-c5e3-49a7-9e9b-0e1f9d2ae786','2025-05-02 01:39:45','99a013c5-3346-44e7-9cb9-4b3e5e00271b','TRANSFER','Concert','USD','d4b4e407-63f5-7646-efe7-548f0ef37a48','b2f2c2e5-41d3-5424-cfe5-326d8cf15826'),
('28e3a4d3-ca76-4842-aef1-e5d475e9589a',382.83,'c6adf7be-c5e3-49a7-9e9b-0e1f9d2ae786','2025-04-15 02:29:45','b6ef6b15-c2e3-4fd5-bb6a-35bbcbc13e51','INCOME','Curtains','USD',NULL,'b2f2c2e5-41d3-5424-cfe5-326d8cf15826'),
('57e42e79-fa68-435a-ae47-f78d12992820',614.28,'c6adf7be-c5e3-49a7-9e9b-0e1f9d2ae786','2025-05-08 23:28:45','b6ef6b15-c2e3-4fd5-bb6a-35bbcbc13e51','INCOME','Event','USD',NULL,'c3a3d3f6-52e4-6535-dfe6-437e9df26937'),
('4b789347-a93b-4d1c-8fd1-03f2a152ea1e',483.09,'c6adf7be-c5e3-49a7-9e9b-0e1f9d2ae786','2025-06-01 09:28:45','b6ef6b15-c2e3-4fd5-bb6a-35bbcbc13e51','INCOME','Miscellaneous','USD',NULL,'c3a3d3f6-52e4-6535-dfe6-437e9df26937'),
('46d12a1c-c8f6-4bc9-a0c7-3d89650e8473',502.17,'c6adf7be-c5e3-49a7-9e9b-0e1f9d2ae786','2025-03-31 18:44:45','f99e6af1-2b81-4915-a701-3fbc378e1e7b','INCOME','Garden supplies','USD',NULL,'c3a3d3f6-52e4-6535-dfe6-437e9df26937'),
('1c383203-d72c-4b88-904b-b11a310fc867',14.58,'c6adf7be-c5e3-49a7-9e9b-0e1f9d2ae786','2025-03-25 12:31:45','99a013c5-3346-44e7-9cb9-4b3e5e00271b','INCOME','Salary','USD',NULL,'a1e1b1d4-30c2-4313-bde4-215c7be04715'),
('ba89136b-27b9-44b2-a506-fc1357e2bbf4',482.37,'c6adf7be-c5e3-49a7-9e9b-0e1f9d2ae786','2025-03-04 20:20:45','c79a9c62-65c5-4c47-86f1-8a51b8eabdbb','TRANSFER','Clothing','USD','a1e1b1d4-30c2-4313-bde4-215c7be04715','c3a3d3f6-52e4-6535-dfe6-437e9df26937'),
('54777659-c0fa-4789-836a-83331d0b3203',910.36,'c6adf7be-c5e3-49a7-9e9b-0e1f9d2ae786','2025-05-08 09:14:45','f99e6af1-2b81-4915-a701-3fbc378e1e7b','INCOME','Savings transfer','USD',NULL,'c3a3d3f6-52e4-6535-dfe6-437e9df26937'),
('f837afa2-de56-4efb-8aa1-3677e32e54a8',724.65,'c6adf7be-c5e3-49a7-9e9b-0e1f9d2ae786','2025-04-12 06:34:45','80f246c4-8be8-40ea-aad7-0f155c815a64','EXPENSE','School supplies','USD','c3a3d3f6-52e4-6535-dfe6-437e9df26937',NULL),
('d9563ce0-bce9-47c4-9964-fce5eb8e1e1a',818.76,'c6adf7be-c5e3-49a7-9e9b-0e1f9d2ae786','2025-04-13 11:47:45','3d405321-87be-4e89-b57e-fbfa9579f15d','INCOME','Contact lenses','USD',NULL,'c3a3d3f6-52e4-6535-dfe6-437e9df26937'),
('64d5efbe-65ea-45d5-92cd-d105a43b9a19',574.79,'c6adf7be-c5e3-49a7-9e9b-0e1f9d2ae786','2025-04-09 08:59:45','db73bb60-f9d8-40c3-84a5-4f1bdb62bc27','EXPENSE','Vitamins','USD','e03e18d2-bdbf-4f96-9b5e-cc2c6d97c80c',NULL),
('810d8f97-b434-438e-a22b-de4e740d2497',763.9,'c6adf7be-c5e3-49a7-9e9b-0e1f9d2ae786','2025-05-07 10:20:45','129e13f2-637e-4dc6-bcf7-6e7dbebc13b9','EXPENSE','Bakery','USD','d4b4e407-63f5-7646-efe7-548f0ef37a48',NULL),
('bf96c48f-0285-4e33-b7a9-61c40e528668',404.14,'c6adf7be-c5e3-49a7-9e9b-0e1f9d2ae786','2025-04-24 00:11:45','e39cf8e8-b99b-4650-928d-cf89f74e4203','INCOME','Dry cleaning','USD',NULL,'e03e18d2-bdbf-4f96-9b5e-cc2c6d97c80c'),
('a7aef108-b58e-40ff-b827-40412c0e2d15',243.99,'c6adf7be-c5e3-49a7-9e9b-0e1f9d2ae786','2025-04-18 07:36:45','3d405321-87be-4e89-b57e-fbfa9579f15d','INCOME','Church offering','USD',NULL,'c3a3d3f6-52e4-6535-dfe6-437e9df26937'),
('5f6a0547-234a-4a52-aef0-a5c25a5bc3be',250.91,'c6adf7be-c5e3-49a7-9e9b-0e1f9d2ae786','2025-05-08 01:14:45','80f246c4-8be8-40ea-aad7-0f155c815a64','EXPENSE','School supplies','USD','d4b4e407-63f5-7646-efe7-548f0ef37a48',NULL),
('7b0817e6-8007-496f-8b72-b3527cc09b68',512.21,'c6adf7be-c5e3-49a7-9e9b-0e1f9d2ae786','2025-03-23 16:53:45','b6f0134f-7497-4c5f-b4e8-5d0b2a8b7bc2','INCOME','Baby sitter','USD',NULL,'a1e1b1d4-30c2-4313-bde4-215c7be04715'),
('65cb6265-ea27-49a5-a4dd-28222ba9f54a',302.9,'c6adf7be-c5e3-49a7-9e9b-0e1f9d2ae786','2025-05-15 14:49:45','4a2a01db-ec30-4b34-97a1-8b2f0556a222','INCOME','Tour package','USD',NULL,'e03e18d2-bdbf-4f96-9b5e-cc2c6d97c80c'),
('82b58369-696b-4f8f-9088-44c64a78638f',650.32,'c6adf7be-c5e3-49a7-9e9b-0e1f9d2ae786','2025-04-18 06:58:45','80f246c4-8be8-40ea-aad7-0f155c815a64','EXPENSE','Restaurant','USD','c3a3d3f6-52e4-6535-dfe6-437e9df26937',NULL),
('556ac701-204a-47f2-936e-5634766fe835',241.34,'c6adf7be-c5e3-49a7-9e9b-0e1f9d2ae786','2025-04-04 14:53:45','ac6a9441-2d67-4416-90aa-3b9ee6e5e144','INCOME','Electric bill','USD',NULL,'c3a3d3f6-52e4-6535-dfe6-437e9df26937'),
('917f1239-4694-4c6f-be37-35bb73abcf7e',262.95,'c6adf7be-c5e3-49a7-9e9b-0e1f9d2ae786','2025-04-03 14:50:45','4d414573-3b45-4b22-bb4c-01d348378b5d','INCOME','Cable TV','USD',NULL,'c3a3d3f6-52e4-6535-dfe6-437e9df26937'),
('98fa0688-5bd1-4d68-82cc-2812845620d1',24.16,'c6adf7be-c5e3-49a7-9e9b-0e1f9d2ae786','2025-04-24 11:27:45','b6ef6b15-c2e3-4fd5-bb6a-35bbcbc13e51','EXPENSE','Snacks','USD','a1e1b1d4-30c2-4313-bde4-215c7be04715',NULL),
('4675b988-0d72-4a7c-b5c0-d6d4321f6af2',744.67,'c6adf7be-c5e3-49a7-9e9b-0e1f9d2ae786','2025-03-30 16:52:45','4b1e0ad3-0d8a-4f8a-b93e-cb2e2aee5b0b','TRANSFER','Laundry','USD','c3a3d3f6-52e4-6535-dfe6-437e9df26937','d4b4e407-63f5-7646-efe7-548f0ef37a48'),
('3cfe62dd-2402-4710-af3d-a61bbcca5714',915.53,'c6adf7be-c5e3-49a7-9e9b-0e1f9d2ae786','2025-03-28 18:40:45','260b5fc8-00f4-46a6-9ecf-986e37c0d7e0','EXPENSE','Plumber service','USD','a1e1b1d4-30c2-4313-bde4-215c7be04715',NULL),
('2a8c19c3-1e21-4acb-be50-beaddbdfa3ef',278.43,'c6adf7be-c5e3-49a7-9e9b-0e1f9d2ae786','2025-05-29 18:32:45','4d414573-3b45-4b22-bb4c-01d348378b5d','INCOME','Service fee','USD',NULL,'a1e1b1d4-30c2-4313-bde4-215c7be04715'),
('2e0b70d1-178d-4ef3-9b14-cce04b88f479',533.16,'c6adf7be-c5e3-49a7-9e9b-0e1f9d2ae786','2025-03-25 20:48:45','ff41c66e-5ff4-4c0d-b3a7-334b8c4271d5','INCOME','Rental income','USD',NULL,'b2f2c2e5-41d3-5424-cfe5-326d8cf15826'),
('2dc18ab4-bc44-4166-812e-05febba5c213',332.46,'c6adf7be-c5e3-49a7-9e9b-0e1f9d2ae786','2025-05-03 17:40:45','a285d771-01d2-4055-9b42-cc54f9a4b2f1','TRANSFER','Hospital bill','USD','d4b4e407-63f5-7646-efe7-548f0ef37a48','a1e1b1d4-30c2-4313-bde4-215c7be04715'),
('af089b2e-b978-47c6-8488-d35e0b953351',730.24,'c6adf7be-c5e3-49a7-9e9b-0e1f9d2ae786','2025-04-01 07:59:45','a285d771-01d2-4055-9b42-cc54f9a4b2f1','TRANSFER','Salon','USD','d4b4e407-63f5-7646-efe7-548f0ef37a48','e03e18d2-bdbf-4f96-9b5e-cc2c6d97c80c'),
('c8196201-3544-4bfa-b9ed-7a39dfe0e35b',410.14,'c6adf7be-c5e3-49a7-9e9b-0e1f9d2ae786','2025-03-20 12:13:45','4d414573-3b45-4b22-bb4c-01d348378b5d','INCOME','Water bill','USD',NULL,'c3a3d3f6-52e4-6535-dfe6-437e9df26937'),
('f27c68d9-ecc4-45c3-9618-10b2f3f32d9b',480.12,'c6adf7be-c5e3-49a7-9e9b-0e1f9d2ae786','2025-04-09 03:46:45','99a013c5-3346-44e7-9cb9-4b3e5e00271b','INCOME','Contact lenses','USD',NULL,'b2f2c2e5-41d3-5424-cfe5-326d8cf15826'),
('79665858-c0c5-415c-8093-1962a607b768',219.12,'c6adf7be-c5e3-49a7-9e9b-0e1f9d2ae786','2025-03-19 06:48:45','3d405321-87be-4e89-b57e-fbfa9579f15d','INCOME','Theme park','USD',NULL,'e03e18d2-bdbf-4f96-9b5e-cc2c6d97c80c'),
('c6ee8dd8-8e38-4c2c-a662-eaf84a797b1b',291.1,'c6adf7be-c5e3-49a7-9e9b-0e1f9d2ae786','2025-03-12 09:56:45','b6f0134f-7497-4c5f-b4e8-5d0b2a8b7bc2','EXPENSE','Plumber service','USD','d4b4e407-63f5-7646-efe7-548f0ef37a48',NULL),
('c88d75eb-b4df-457a-b229-7c647d5df042',199.9,'c6adf7be-c5e3-49a7-9e9b-0e1f9d2ae786','2025-03-04 17:47:45','3d405321-87be-4e89-b57e-fbfa9579f15d','INCOME','Bank transfer','USD',NULL,'d4b4e407-63f5-7646-efe7-548f0ef37a48'),
('cb6de4fe-0e0e-4d16-9ca4-be6df2c8827a',290.36,'c6adf7be-c5e3-49a7-9e9b-0e1f9d2ae786','2025-03-03 23:02:45','00a7e3e8-e042-40b9-9a25-3a6eb3fd3097','TRANSFER','Plumber service','USD','c3a3d3f6-52e4-6535-dfe6-437e9df26937','e03e18d2-bdbf-4f96-9b5e-cc2c6d97c80c'),
('fa0e8e15-95ab-4638-bdd6-f78b2194c6d1',642.05,'c6adf7be-c5e3-49a7-9e9b-0e1f9d2ae786','2025-04-01 08:14:45','a285d771-01d2-4055-9b42-cc54f9a4b2f1','TRANSFER','Clinic','USD','e03e18d2-bdbf-4f96-9b5e-cc2c6d97c80c','b2f2c2e5-41d3-5424-cfe5-326d8cf15826'),
('0b45b74b-401e-48ec-b576-3e2ff1b94cd9',241.21,'c6adf7be-c5e3-49a7-9e9b-0e1f9d2ae786','2025-04-29 23:22:45','129e13f2-637e-4dc6-bcf7-6e7dbebc13b9','EXPENSE','Partial refund','USD','e03e18d2-bdbf-4f96-9b5e-cc2c6d97c80c',NULL),
('2795911f-9a99-4831-bc07-8e37daf1a989',868.39,'c6adf7be-c5e3-49a7-9e9b-0e1f9d2ae786','2025-04-20 11:54:45','80f246c4-8be8-40ea-aad7-0f155c815a64','TRANSFER','Delivery','USD','b2f2c2e5-41d3-5424-cfe5-326d8cf15826','c3a3d3f6-52e4-6535-dfe6-437e9df26937'),
('ab204f44-41c1-457c-8050-43361627eeaf',397.87,'c6adf7be-c5e3-49a7-9e9b-0e1f9d2ae786','2025-05-14 13:02:45','b6ef6b15-c2e3-4fd5-bb6a-35bbcbc13e51','TRANSFER','Electronics','USD','a1e1b1d4-30c2-4313-bde4-215c7be04715','b2f2c2e5-41d3-5424-cfe5-326d8cf15826'),
('f45f1bab-c9ab-450c-974c-88fc4026cbb1',153.94,'c6adf7be-c5e3-49a7-9e9b-0e1f9d2ae786','2025-04-26 05:06:45','4a2a01db-ec30-4b34-97a1-8b2f0556a222','INCOME','Clothing','USD',NULL,'d4b4e407-63f5-7646-efe7-548f0ef37a48'),
('8ace3481-0f70-4b50-9d33-52aa27f7bfd8',876.0,'c6adf7be-c5e3-49a7-9e9b-0e1f9d2ae786','2025-05-02 03:19:45','db73bb60-f9d8-40c3-84a5-4f1bdb62bc27','EXPENSE','Plumber service','USD','e03e18d2-bdbf-4f96-9b5e-cc2c6d97c80c',NULL),
('f3728c40-440b-48fd-96e2-bd9a225fb7bc',644.12,'c6adf7be-c5e3-49a7-9e9b-0e1f9d2ae786','2025-03-08 09:07:45','9c0f6e10-3cd1-4940-b2ee-419f10f7fd9c','INCOME','Part-time job','USD',NULL,'e03e18d2-bdbf-4f96-9b5e-cc2c6d97c80c'),
('067678cf-b368-43b6-bd3b-cb73904560f7',204.53,'c6adf7be-c5e3-49a7-9e9b-0e1f9d2ae786','2025-05-12 05:21:45','4b1e0ad3-0d8a-4f8a-b93e-cb2e2aee5b0b','TRANSFER','Bonus','USD','b2f2c2e5-41d3-5424-cfe5-326d8cf15826','a1e1b1d4-30c2-4313-bde4-215c7be04715'),
('8035cf42-70e5-4a4c-be11-6a1d08017891',537.27,'c6adf7be-c5e3-49a7-9e9b-0e1f9d2ae786','2025-04-17 03:30:45','3d405321-87be-4e89-b57e-fbfa9579f15d','EXPENSE','Tip','USD','c3a3d3f6-52e4-6535-dfe6-437e9df26937',NULL),
('5cdf9f3c-b8d9-4562-8349-d170c0cea859',419.12,'c6adf7be-c5e3-49a7-9e9b-0e1f9d2ae786','2025-05-07 19:47:45','00a7e3e8-e042-40b9-9a25-3a6eb3fd3097','EXPENSE','Ice cream','USD','a1e1b1d4-30c2-4313-bde4-215c7be04715',NULL),
('464e2ac9-a6d5-4210-88bf-31e60ecbd4da',576.71,'c6adf7be-c5e3-49a7-9e9b-0e1f9d2ae786','2025-04-30 21:52:45','ff41c66e-5ff4-4c0d-b3a7-334b8c4271d5','TRANSFER','Souvenirs','USD','d4b4e407-63f5-7646-efe7-548f0ef37a48','b2f2c2e5-41d3-5424-cfe5-326d8cf15826'),
('c784ec63-4125-4805-84eb-fd3c780b6e15',991.75,'c6adf7be-c5e3-49a7-9e9b-0e1f9d2ae786','2025-04-05 18:38:45','4d414573-3b45-4b22-bb4c-01d348378b5d','INCOME','Political donation','USD',NULL,'d4b4e407-63f5-7646-efe7-548f0ef37a48'),
('dc21a1d0-39c0-46b6-afb1-374d609a486b',6.37,'c6adf7be-c5e3-49a7-9e9b-0e1f9d2ae786','2025-04-06 12:00:45','260b5fc8-00f4-46a6-9ecf-986e37c0d7e0','EXPENSE','Tour package','USD','e03e18d2-bdbf-4f96-9b5e-cc2c6d97c80c',NULL),
('4cec952e-f88c-48d6-8ec0-e191f4f83951',764.69,'c6adf7be-c5e3-49a7-9e9b-0e1f9d2ae786','2025-03-24 20:48:45','c79a9c62-65c5-4c47-86f1-8a51b8eabdbb','EXPENSE','Takeout','USD','c3a3d3f6-52e4-6535-dfe6-437e9df26937',NULL),
('1f20b4bf-c10b-4907-a50a-7614118ce173',759.18,'c6adf7be-c5e3-49a7-9e9b-0e1f9d2ae786','2025-03-07 18:52:45','e39cf8e8-b99b-4650-928d-cf89f74e4203','EXPENSE','Streaming subscription','USD','e03e18d2-bdbf-4f96-9b5e-cc2c6d97c80c',NULL),
('7babbefc-a852-4645-872d-67f58633abc6',10.92,'c6adf7be-c5e3-49a7-9e9b-0e1f9d2ae786','2025-04-20 05:22:45','129e13f2-637e-4dc6-bcf7-6e7dbebc13b9','EXPENSE','Overdraft fee','USD','d4b4e407-63f5-7646-efe7-548f0ef37a48',NULL),
('21459140-b771-4bd8-8b1b-da09280a25ab',388.3,'c6adf7be-c5e3-49a7-9e9b-0e1f9d2ae786','2025-05-22 01:08:45','e39cf8e8-b99b-4650-928d-cf89f74e4203','INCOME','Bonus','USD',NULL,'a1e1b1d4-30c2-4313-bde4-215c7be04715'),
('a1f9e11c-0b95-43a4-9be4-f8bb8a80de6c',483.01,'c6adf7be-c5e3-49a7-9e9b-0e1f9d2ae786','2025-03-16 11:12:45','4a2a01db-ec30-4b34-97a1-8b2f0556a222','EXPENSE','Textbooks','USD','a1e1b1d4-30c2-4313-bde4-215c7be04715',NULL),
('18849828-2fa3-486e-bbea-e427edd31f09',310.43,'c6adf7be-c5e3-49a7-9e9b-0e1f9d2ae786','2025-04-12 06:50:45','129e13f2-637e-4dc6-bcf7-6e7dbebc13b9','INCOME','Toll payment','USD',NULL,'e03e18d2-bdbf-4f96-9b5e-cc2c6d97c80c'),
('11b48e95-1cee-4223-b71c-590d3fdfabdb',344.26,'c6adf7be-c5e3-49a7-9e9b-0e1f9d2ae786','2025-03-11 15:56:45','e39cf8e8-b99b-4650-928d-cf89f74e4203','EXPENSE','Rental income','USD','a1e1b1d4-30c2-4313-bde4-215c7be04715',NULL),
('539b2750-e3e4-4d48-820e-84c8ab93e753',414.33,'c6adf7be-c5e3-49a7-9e9b-0e1f9d2ae786','2025-03-17 08:21:45','b6f0134f-7497-4c5f-b4e8-5d0b2a8b7bc2','EXPENSE','Home repair','USD','b2f2c2e5-41d3-5424-cfe5-326d8cf15826',NULL),
('82b8ea7f-ff04-4dda-a36b-153abba04e8d',866.86,'c6adf7be-c5e3-49a7-9e9b-0e1f9d2ae786','2025-04-22 03:39:45','ac6a9441-2d67-4416-90aa-3b9ee6e5e144','TRANSFER','Curtains','USD','e03e18d2-bdbf-4f96-9b5e-cc2c6d97c80c','c3a3d3f6-52e4-6535-dfe6-437e9df26937'),
('a1ba6f86-875d-47e4-9f3e-79dcaa854050',287.91,'c6adf7be-c5e3-49a7-9e9b-0e1f9d2ae786','2025-04-29 08:18:45','99a013c5-3346-44e7-9cb9-4b3e5e00271b','INCOME','Beauty products','USD',NULL,'b2f2c2e5-41d3-5424-cfe5-326d8cf15826'),
('f45abf33-ee06-4708-a305-ce44997a3379',286.09,'c6adf7be-c5e3-49a7-9e9b-0e1f9d2ae786','2025-03-04 23:03:45','ff41c66e-5ff4-4c0d-b3a7-334b8c4271d5','EXPENSE','Streaming subscription','USD','d4b4e407-63f5-7646-efe7-548f0ef37a48',NULL),
('7ae52bfe-3215-44b0-acca-37192d3ae7b5',899.0,'c6adf7be-c5e3-49a7-9e9b-0e1f9d2ae786','2025-05-07 03:59:45','00a7e3e8-e042-40b9-9a25-3a6eb3fd3097','TRANSFER','Microwave','USD','c3a3d3f6-52e4-6535-dfe6-437e9df26937','a1e1b1d4-30c2-4313-bde4-215c7be04715'),
('92b3f867-3955-494a-879c-626051430818',285.23,'c6adf7be-c5e3-49a7-9e9b-0e1f9d2ae786','2025-04-17 14:55:45','ac6a9441-2d67-4416-90aa-3b9ee6e5e144','INCOME','Streaming subscription','USD',NULL,'d4b4e407-63f5-7646-efe7-548f0ef37a48'),
('b1abb831-d51c-41c0-a34d-52ad054854c2',190.41,'c6adf7be-c5e3-49a7-9e9b-0e1f9d2ae786','2025-03-04 17:35:45','f99e6af1-2b81-4915-a701-3fbc378e1e7b','EXPENSE','Pharmacy','USD','e03e18d2-bdbf-4f96-9b5e-cc2c6d97c80c',NULL),
('5a8cbeb2-7c5a-4120-9278-b2e1aa02635f',918.32,'c6adf7be-c5e3-49a7-9e9b-0e1f9d2ae786','2025-04-26 22:36:45','ff41c66e-5ff4-4c0d-b3a7-334b8c4271d5','INCOME','Refund','USD',NULL,'b2f2c2e5-41d3-5424-cfe5-326d8cf15826'),
('51b70b25-8eaa-4cd0-9123-9d2befb7c76d',678.86,'c6adf7be-c5e3-49a7-9e9b-0e1f9d2ae786','2025-05-12 03:39:45','99a013c5-3346-44e7-9cb9-4b3e5e00271b','INCOME','Doctor visit','USD',NULL,'a1e1b1d4-30c2-4313-bde4-215c7be04715'),
('84ff2f72-ca9d-4f16-9661-a94ba4f95e18',220.88,'c6adf7be-c5e3-49a7-9e9b-0e1f9d2ae786','2025-05-27 06:03:45','ac6a9441-2d67-4416-90aa-3b9ee6e5e144','EXPENSE','Birthday cake','USD','e03e18d2-bdbf-4f96-9b5e-cc2c6d97c80c',NULL),
('97e168b2-9224-4d6b-9bce-be30974d54b8',568.9,'c6adf7be-c5e3-49a7-9e9b-0e1f9d2ae786','2025-05-06 13:46:45','9c0f6e10-3cd1-4940-b2ee-419f10f7fd9c','TRANSFER','Pet toys','USD','d4b4e407-63f5-7646-efe7-548f0ef37a48','a1e1b1d4-30c2-4313-bde4-215c7be04715'),
('5bf41518-1330-48dc-80af-b062eefa9ce5',846.18,'c6adf7be-c5e3-49a7-9e9b-0e1f9d2ae786','2025-05-01 10:12:45','a285d771-01d2-4055-9b42-cc54f9a4b2f1','EXPENSE','Home repair','USD','b2f2c2e5-41d3-5424-cfe5-326d8cf15826',NULL),
('8757c441-4110-44d9-8e5a-1fc1c0b4722a',41.25,'c6adf7be-c5e3-49a7-9e9b-0e1f9d2ae786','2025-05-29 19:31:45','9c0f6e10-3cd1-4940-b2ee-419f10f7fd9c','TRANSFER','Political donation','USD','d4b4e407-63f5-7646-efe7-548f0ef37a48','a1e1b1d4-30c2-4313-bde4-215c7be04715'),
('2a211e02-d646-41ff-9424-baf7e608e28a',12.12,'c6adf7be-c5e3-49a7-9e9b-0e1f9d2ae786','2025-04-08 10:36:45','00a7e3e8-e042-40b9-9a25-3a6eb3fd3097','TRANSFER','Clinic','USD','b2f2c2e5-41d3-5424-cfe5-326d8cf15826','c3a3d3f6-52e4-6535-dfe6-437e9df26937'),
('dbff3dbd-c831-4f6f-8eb5-6a210f92633c',967.02,'c6adf7be-c5e3-49a7-9e9b-0e1f9d2ae786','2025-05-04 19:01:45','a285d771-01d2-4055-9b42-cc54f9a4b2f1','INCOME','Garden supplies','USD',NULL,'c3a3d3f6-52e4-6535-dfe6-437e9df26937'),
('c219c9ca-7d35-47f0-9662-97ded9eea2bb',803.58,'c6adf7be-c5e3-49a7-9e9b-0e1f9d2ae786','2025-05-21 20:56:45','80f246c4-8be8-40ea-aad7-0f155c815a64','INCOME','Utilities','USD',NULL,'a1e1b1d4-30c2-4313-bde4-215c7be04715'),
('4080d7eb-7298-4de6-ab6f-3875acf8be5d',249.76,'c6adf7be-c5e3-49a7-9e9b-0e1f9d2ae786','2025-05-30 18:10:45','b6f0134f-7497-4c5f-b4e8-5d0b2a8b7bc2','INCOME','Theater ticket','USD',NULL,'c3a3d3f6-52e4-6535-dfe6-437e9df26937'),
('b996c58f-d787-4300-bedf-e1910591e76e',329.91,'c6adf7be-c5e3-49a7-9e9b-0e1f9d2ae786','2025-03-12 12:38:45','a417a045-686e-4ab6-bbf1-1e5b33d2be93','INCOME','Pet toys','USD',NULL,'a1e1b1d4-30c2-4313-bde4-215c7be04715'),
('2092dae8-33ff-457b-b749-724999a37a30',297.34,'c6adf7be-c5e3-49a7-9e9b-0e1f9d2ae786','2025-05-05 02:47:45','3d405321-87be-4e89-b57e-fbfa9579f15d','EXPENSE','Bank transfer','USD','e03e18d2-bdbf-4f96-9b5e-cc2c6d97c80c',NULL),
('64e81c3e-ac72-4bd0-b39a-548ccc910a3d',59.07,'c6adf7be-c5e3-49a7-9e9b-0e1f9d2ae786','2025-05-28 17:46:45','f99e6af1-2b81-4915-a701-3fbc378e1e7b','TRANSFER','Takeout','USD','d4b4e407-63f5-7646-efe7-548f0ef37a48','a1e1b1d4-30c2-4313-bde4-215c7be04715'),
('1e914ded-bfe0-4376-aef7-52548479d886',372.89,'c6adf7be-c5e3-49a7-9e9b-0e1f9d2ae786','2025-05-14 19:47:45','3d405321-87be-4e89-b57e-fbfa9579f15d','EXPENSE','Dinner with friends','USD','e03e18d2-bdbf-4f96-9b5e-cc2c6d97c80c',NULL),
('cd149788-0f11-453f-9e36-14e8c65e6c77',51.02,'c6adf7be-c5e3-49a7-9e9b-0e1f9d2ae786','2025-05-08 11:42:45','db73bb60-f9d8-40c3-84a5-4f1bdb62bc27','INCOME','Handbag','USD',NULL,'c3a3d3f6-52e4-6535-dfe6-437e9df26937'),
('10ab1d7a-5be3-4b9d-9929-89d29466b115',478.89,'c6adf7be-c5e3-49a7-9e9b-0e1f9d2ae786','2025-03-10 23:17:45','b6f0134f-7497-4c5f-b4e8-5d0b2a8b7bc2','TRANSFER','Prescription','USD','c3a3d3f6-52e4-6535-dfe6-437e9df26937','e03e18d2-bdbf-4f96-9b5e-cc2c6d97c80c'),
('2089e867-ecbe-474f-ab6d-07ced6f9704b',527.45,'c6adf7be-c5e3-49a7-9e9b-0e1f9d2ae786','2025-03-04 12:23:45','9c0f6e10-3cd1-4940-b2ee-419f10f7fd9c','INCOME','Stationery','USD',NULL,'d4b4e407-63f5-7646-efe7-548f0ef37a48'),
('4cc7eb42-868a-4831-8263-0a5c6a9f70f8',840.74,'c6adf7be-c5e3-49a7-9e9b-0e1f9d2ae786','2025-04-20 20:59:45','db73bb60-f9d8-40c3-84a5-4f1bdb62bc27','EXPENSE','Theme park','USD','b2f2c2e5-41d3-5424-cfe5-326d8cf15826',NULL),
('f8eb5d98-7809-4809-b6c4-dda8f4f89f9a',326.29,'c6adf7be-c5e3-49a7-9e9b-0e1f9d2ae786','2025-05-14 09:38:45','4d414573-3b45-4b22-bb4c-01d348378b5d','INCOME','Pharmacy','USD',NULL,'e03e18d2-bdbf-4f96-9b5e-cc2c6d97c80c'),
('244d1495-590d-4073-bfad-a7132abcc4c1',314.89,'c6adf7be-c5e3-49a7-9e9b-0e1f9d2ae786','2025-04-13 21:20:45','ff41c66e-5ff4-4c0d-b3a7-334b8c4271d5','TRANSFER','Coffee','USD','e03e18d2-bdbf-4f96-9b5e-cc2c6d97c80c','c3a3d3f6-52e4-6535-dfe6-437e9df26937'),
('96d916d2-88d1-4b7b-a6b9-33731e16e078',622.88,'c6adf7be-c5e3-49a7-9e9b-0e1f9d2ae786','2025-03-30 00:10:45','ac6a9441-2d67-4416-90aa-3b9ee6e5e144','TRANSFER','Lunch','USD','b2f2c2e5-41d3-5424-cfe5-326d8cf15826','d4b4e407-63f5-7646-efe7-548f0ef37a48'),
('86e11c98-9fca-4e42-a868-2d43ca470608',581.8,'c6adf7be-c5e3-49a7-9e9b-0e1f9d2ae786','2025-03-31 03:22:45','c79a9c62-65c5-4c47-86f1-8a51b8eabdbb','INCOME','Dry cleaning','USD',NULL,'e03e18d2-bdbf-4f96-9b5e-cc2c6d97c80c'),
('4b67fbc3-4fde-418f-bbb9-87ea79d01ec5',222.15,'c6adf7be-c5e3-49a7-9e9b-0e1f9d2ae786','2025-04-23 00:59:45','9c0f6e10-3cd1-4940-b2ee-419f10f7fd9c','TRANSFER','Gift for friend','USD','c3a3d3f6-52e4-6535-dfe6-437e9df26937','e03e18d2-bdbf-4f96-9b5e-cc2c6d97c80c'),
('064e4f07-5876-4096-824c-afe977574be3',972.07,'c6adf7be-c5e3-49a7-9e9b-0e1f9d2ae786','2025-04-06 20:37:45','e39cf8e8-b99b-4650-928d-cf89f74e4203','EXPENSE','Rent payment','USD','c3a3d3f6-52e4-6535-dfe6-437e9df26937',NULL),
('dda0235a-d79f-4d9d-a9d7-f1d3b95fbbdf',969.42,'c6adf7be-c5e3-49a7-9e9b-0e1f9d2ae786','2025-03-09 18:01:45','99a013c5-3346-44e7-9cb9-4b3e5e00271b','EXPENSE','Delivery','USD','d4b4e407-63f5-7646-efe7-548f0ef37a48',NULL),
('30e71600-bb97-4a56-888c-1e909341cff2',70.98,'c6adf7be-c5e3-49a7-9e9b-0e1f9d2ae786','2025-03-10 04:00:45','9c0f6e10-3cd1-4940-b2ee-419f10f7fd9c','EXPENSE','Health insurance','USD','b2f2c2e5-41d3-5424-cfe5-326d8cf15826',NULL),
('dfee19d4-d9be-4509-929d-604e72a46acb',629.38,'c6adf7be-c5e3-49a7-9e9b-0e1f9d2ae786','2025-04-04 21:11:45','4b1e0ad3-0d8a-4f8a-b93e-cb2e2aee5b0b','TRANSFER','Hotel booking','USD','a1e1b1d4-30c2-4313-bde4-215c7be04715','e03e18d2-bdbf-4f96-9b5e-cc2c6d97c80c'),
('93276cd0-6329-4d7d-adcf-36ada397ae9f',155.88,'c6adf7be-c5e3-49a7-9e9b-0e1f9d2ae786','2025-03-24 09:33:45','4b1e0ad3-0d8a-4f8a-b93e-cb2e2aee5b0b','EXPENSE','Cryptocurrency purchase','USD','c3a3d3f6-52e4-6535-dfe6-437e9df26937',NULL),
('8083d7de-e1d6-4a33-8d8f-f12da2acefc3',322.27,'c6adf7be-c5e3-49a7-9e9b-0e1f9d2ae786','2025-05-05 12:35:45','db73bb60-f9d8-40c3-84a5-4f1bdb62bc27','EXPENSE','Mobile phone','USD','b2f2c2e5-41d3-5424-cfe5-326d8cf15826',NULL),
('5c33af7f-bba4-45cc-93ed-0ce54403ee42',286.72,'c6adf7be-c5e3-49a7-9e9b-0e1f9d2ae786','2025-04-04 14:55:45','129e13f2-637e-4dc6-bcf7-6e7dbebc13b9','INCOME','Stock dividend','USD',NULL,'b2f2c2e5-41d3-5424-cfe5-326d8cf15826'),
('8c70c9e7-86c0-45a7-a856-fa26210893a9',825.4,'c6adf7be-c5e3-49a7-9e9b-0e1f9d2ae786','2025-05-05 19:15:45','80f246c4-8be8-40ea-aad7-0f155c815a64','EXPENSE','Home repair','USD','b2f2c2e5-41d3-5424-cfe5-326d8cf15826',NULL),
('6bde1ecf-1f38-4cb5-aeaa-e1a38b0207af',216.51,'c6adf7be-c5e3-49a7-9e9b-0e1f9d2ae786','2025-04-14 10:30:45','3d405321-87be-4e89-b57e-fbfa9579f15d','TRANSFER','Train ticket','USD','b2f2c2e5-41d3-5424-cfe5-326d8cf15826','c3a3d3f6-52e4-6535-dfe6-437e9df26937'),
('66b8de1c-4861-418f-8bbb-57a671e58711',55.63,'c6adf7be-c5e3-49a7-9e9b-0e1f9d2ae786','2025-03-08 14:20:45','b6ef6b15-c2e3-4fd5-bb6a-35bbcbc13e51','TRANSFER','Groceries','USD','b2f2c2e5-41d3-5424-cfe5-326d8cf15826','e03e18d2-bdbf-4f96-9b5e-cc2c6d97c80c'),
('b02bd05b-65c8-41e7-b90b-e72b182f5f1e',996.09,'c6adf7be-c5e3-49a7-9e9b-0e1f9d2ae786','2025-03-24 17:26:45','4d414573-3b45-4b22-bb4c-01d348378b5d','TRANSFER','Tour package','USD','e03e18d2-bdbf-4f96-9b5e-cc2c6d97c80c','b2f2c2e5-41d3-5424-cfe5-326d8cf15826');

